vorname,anzahl,geschlecht
Marie,246,w
Maria,158,w
Sophie,148,w
Paul,107,m
Noah,104,m
Ben,99,m
Jonas,94,m
Mila,93,w
Marie,92,w
Emilia,89,w
Felix,89,m
Emma,87,w
Leon,80,m
Mia,79,w
Anna,76,w
Alexander,70,m
Maximilian,70,m
Maximilian,70,m
Lena,70,w
Elias,69,m
Anton,65,m
Ella,64,w
Emil,60,m
Sophie,59,w
Lea,58,w
Jonathan,58,m
Sophia,58,w
Lukas,58,m
Ida,56,w
Alexander,56,m
Julian,56,m
Louis,56,m
Paul,55,m
Lina,55,w
Moritz,55,m
David,54,m
Jan,54,m
Finn,53,m
Jakob,53,m
Leonard,53,m
Oskar,53,m
Tom,53,m
Clara,52,w
Lara,52,w
Amelie,51,w
Leo,51,m
Mats,50,m
Liam,48,m
Johanna,47,w
Paula,47,w
Luca,47,m
Charlotte,46,w
Leni,46,w
Luisa,46,w
Greta,45,w
Henri,45,m
Samuel,45,m
Johanna,44,w
Elisa,44,w
Emily,44,w
Lotta,44,w
Laura,43,w
Elias,42,m
Hanna,42,w
Lia,42,w
Max,42,m
Henry,40,m
Milan,40,m
Charlotte,39,w
Elisabeth,39,w
Hannah,38,w
Marlene,38,w
Nele,38,w
Sofia,38,w
Katharina,37,w
Anton,36,m
Julius,36,m
Tim,36,m
Maria,35,w
Emilia,34,w
Philipp,34,m
Theo,34,m
Elif,33,w
Leonie,33,w
Mira,33,w
Matteo,33,m
Luisa,32,w
Luise,32,w
Carla,32,w
Adam,32,m
Emir,32,m
Karl,32,m
Luis,32,m
Vincent,32,m
Ali,31,m
Johannes,31,m
Sophia,31,w
Johann,30,m
Benjamin,30,m
Daniel,30,m
Nora,29,w
Jonah,29,m
Elisa,28,w
Antonia,28,w
Carlotta,28,w
Maya,28,w
Romy,28,w
Muhammed,28,m
Niklas,28,m
Benjamin,27,m
Karl,27,m
Frieda,27,w
Zeynep,27,w
David,26,m
Frida,26,w
Pauline,26,w
Justus,26,m
Leonard,25,m
Peter,25,m
Elena,25,w
Lisa,25,w
Levi,25,m
Luna,25,w
Felix,24,m
Malik,24,m
Ava,24,w
Mattis,24,m
Helena,24,w
Anna,23,w
Jakob,23,m
Emilio,23,m
Ela,23,w
Johann,23,m
Jana,23,w
Ömer,23,m
Julia,23,w
Mara,23,w
Mathilda,23,w
Mina,23,w
Paulina,23,w
Bruno,22,m
Carl,22,m
Fritz,22,m
Gabriel,22,m
Hannes,22,m
Isabella,22,w
Konstantin,22,m
Juna,22,w
Simon,22,m
Matilda,22,w
Toni,22,m
Sarah,22,w
Nur,21,w
Christian,21,m
Jonathan,21,m
Valentin,21,m
Aaron,21,m
Eva,21,w
Frederik,21,m
Liya,21,w
Joshua,21,m
Luise,21,w
Linus,21,m
Sara,21,w
Mika,21,m
Piet,21,m
Victoria,20,w
Lilly,20,w
Maja,20,w
Ali,20,m
Tilda,20,w
Erik,20,m
Florian,20,m
Kian,20,m
Leonardo,20,m
Mert,20,m
Carlotta,19,w
Can,19,m
Alessia,19,w
Klara,19,w
Melina,19,w
Nina,19,w
Stella,19,w
Theodor,19,m
Marie,18,w
Marlene,18,w
Noah,18,m
Theodor,18,m
Louisa,18,w
Damian,18,m
Meryem,18,w
Milo,18,m
Rafael,18,m
Maria,17,w
Su,17,w
Frederik,17,m
Josef,17,m
Julius,17,m
Luca,17,m
Philipp,17,m
Amira,17,w
Olivia,17,w
Adrian,17,m
Hamza,17,m
Jasper,17,m
Jona,17,m
Leandro,17,m
Levin,17,m
Marlon,17,m
Noel,17,m
Yusuf,17,m
Louisa,16,w
Jonas,16,m
Giulia,16,w
Liv,16,w
Thea,16,w
Nico,16,m
Sofia,15,w
Emil,15,m
Jan,15,m
Joel,15,m
Matteo,15,m
Jule,15,w
Luana,15,w
Melek,15,w
Pia,15,w
Alessio,15,m
Eric,15,m
Fabian,15,m
Ilyas,15,m
Johannes,15,m
Lasse,15,m
Mateo,15,m
Mehmet,15,m
Nick,15,m
Valentin,15,m
Elif,14,w
Josephine,14,w
Leni,14,w
Friedrich,14,m
Gabriel,14,m
Michael,14,m
Noel,14,m
Alina,14,w
Amelia,14,w
Amina,14,w
Anastasia,14,w
Aurelia,14,w
Josephine,14,w
Merle,14,w
Zoe,14,w
Arian,14,m
Arthur,14,m
Benno,14,m
Jacob,14,m
Jannis,14,m
Luke,14,m
Maxim,14,m
Nils,14,m
Ole,14,m
Oscar,14,m
Malou,13,w
Sofie,13,w
Henri,13,m
Konstantin,13,m
Louis,13,m
Wilhelm,13,m
Elina,13,w
Elisabeth,13,w
Josefine,13,w
Katharina,13,w
Linda,13,w
Rosa,13,w
Carlo,13,m
Joel,13,m
Miran,13,m
Raphael,13,m
Robin,13,m
Sebastian,13,m
Till,13,m
Timo,13,m
Clara,12,w
Greta,12,w
Helene,12,w
Louise,12,w
Andreas,12,m
Daniel,12,m
Ferdinand,12,m
Finn,12,m
Liam,12,m
Martin,12,m
Sebastian,12,m
Thomas,12,m
Alicia,12,w
Fiona,12,w
Helin,12,w
Martha,12,w
Selin,12,w
Victoria,12,w
Zehra,12,w
Antonio,12,m
Aras,12,m
Bela,12,m
Can,12,m
Fynn,12,m
Jannik,12,m
Kaan,12,m
Kilian,12,m
Lars,12,m
Lennard,12,m
Luan,12,m
Lucas,12,m
Mark,12,m
Mohamed,12,m
Mohammed,12,m
Mustafa,12,m
Ela,11,w
Isabel,11,w
Marleen,11,w
Mia,11,w
Benedikt,11,m
Emin,11,m
Julian,11,m
Leo,11,m
Leon,11,m
Matthias,11,m
Samuel,11,m
Amélie,11,w
Asya,11,w
Enna,11,w
Maryam,11,w
Melissa,11,w
Melody,11,w
Theresa,11,w
Valentina,11,w
Bilal,11,m
Johan,11,m
Lennart,11,m
Lio,11,m
Matti,11,m
Mohammad,11,m
Neo,11,m
Oliver,11,m
Titus,11,m
Tobias,11,m
Amalia,10,w
Elise,10,w
Hannah,10,w
Josefine,10,w
Lou,10,w
Mathilda,10,w
Matilda,10,w
Pauline,10,w
Antonio,10,m
Cem,10,m
Luis,10,m
Oskar,10,m
Vincent,10,m
Aleyna,10,w
Amalia,10,w
Azra,10,w
Fatima,10,w
Isabel,10,w
Livia,10,w
Malia,10,w
Mariam,10,w
Miray,10,w
Mona,10,w
Benedikt,10,m
Caspar,10,m
Clemens,10,m
Lenn,10,m
Lian,10,m
Luka,10,m
Milian,10,m
Mio,10,m
Phil,10,m
Yasin,10,m
Yiğit,10,m
Christine,9,w
Lara,9,w
Martha,9,w
Rosa,9,w
Sara,9,w
Viktoria,9,w
Christopher,9,m
Deniz,9,m
Efe,9,m
Fritz,9,m
Henry,9,m
Joseph,9,m
Joshua,9,m
Levi,9,m
Milan,9,m
Oliver,9,m
Robert,9,m
Theo,9,m
Alma,9,w
Anni,9,w
Chiara,9,w
Edda,9,w
Elise,9,w
Emelie,9,w
Emilie,9,w
Finja,9,w
Jasmin,9,w
Kira,9,w
Lilli,9,w
Lotte,9,w
Mayla,9,w
Vanessa,9,w
Alex,9,m
Berat,9,m
Eymen,9,m
Henrik,9,m
Hugo,9,m
Pepe,9,m
Sami,9,m
Selim,9,m
Sophie,8,w
Antonia,8,w
Elena,8,w
Eva,8,w
Helena,8,w
Isabelle,8,w
Leonie,8,w
Lina,8,w
Lucia,8,w
Mina,8,w
Naz,8,w
Ben,8,m
Elyas,8,m
Emir,8,m
Georg,8,m
Jasper,8,m
Lukas,8,m
Mattis,8,m
Niklas,8,m
Oscar,8,m
Raphael,8,m
Alisa,8,w
Alva,8,w
Amy,8,w
Annika,8,w
Dalia,8,w
Eleni,8,w
Elli,8,w
Hira,8,w
Jette,8,w
Leana,8,w
Malou,8,w
Marla,8,w
Milena,8,w
Philippa,8,w
Selina,8,w
Soraya,8,w
Zoé,8,w
Abdullah,8,m
Adem,8,m
Ahmet,8,m
Aron,8,m
Ayaz,8,m
Constantin,8,m
Deniz,8,m
Diego,8,m
Emilian,8,m
Enno,8,m
Fabio,8,m
Ian,8,m
Jason,8,m
Jayden,8,m
Jonte,8,m
Julien,8,m
Leopold,8,m
Lias,8,m
Michel,8,m
Mikail,8,m
Nicolas,8,m
Sam,8,m
Yunus,8,m
Alexandra,7,w
Ida,7,w
Isabella,7,w
Julia,7,w
Lena,7,w
Liv,7,w
Lotta,7,w
Magdalena,7,w
Michelle,7,w
Adrian,7,m
Albert,7,m
August,7,m
Carl,7,m
Eren,7,m
Florian,7,m
Gustav,7,m
Johan,7,m
Kaan,7,m
Linus,7,m
Malik,7,m
Maria,7,m
Max,7,m
Osman,7,m
Simon,7,m
Stefan,7,m
Adriana,7,w
Alice,7,w
Alissa,7,w
Bella,7,w
Cleo,7,w
Daria,7,w
Dilara,7,w
Emely,7,w
Erva,7,w
Esila,7,w
Franziska,7,w
Karla,7,w
Leah,7,w
Leyla,7,w
Medina,7,w
Milla,7,w
Miriam,7,w
Nela,7,w
Nika,7,w
Nisa,7,w
Rosalie,7,w
Ruby,7,w
Tuana,7,w
Valeria,7,w
Viktoria,7,w
Yasmin,7,w
Amir,7,m
Dario,7,m
Elian,7,m
Emin,7,m
Ensar,7,m
Hendrik,7,m
Jon,7,m
Joris,7,m
Joscha,7,m
Juri,7,m
Kenan,7,m
Kerem,7,m
Konrad,7,m
Malte,7,m
Manuel,7,m
Marcel,7,m
Pablo,7,m
Philip,7,m
Rayan,7,m
Roman,7,m
Youssef,7,m
Anton,6,m
Maximilian,6,m
Paul,6,m
Peter,6,m
Johanna,6,w
Amelie,6,w
Barbara,6,w
Frieda,6,w
Julie,6,w
Margarete,6,w
Melody,6,w
Mira,6,w
Olivia,6,w
Ronja,6,w
Rose,6,w
Valentina,6,w
Ahmet,6,m
Amir,6,m
Erik,6,m
Franz,6,m
Hamza,6,m
Justus,6,m
Manuel,6,m
Ole,6,m
Pepe,6,m
Robin,6,m
Rudolf,6,m
William,6,m
Ada,6,w
Alexandra,6,w
Amanda,6,w
Amara,6,w
Amine,6,w
Angelina,6,w
Anisa,6,w
Annabelle,6,w
Ayla,6,w
Cataleya,6,w
Claire,6,w
Diana,6,w
Elin,6,w
Flora,6,w
Hazal,6,w
Isabell,6,w
Isabelle,6,w
Julie,6,w
Karlotta,6,w
Kiara,6,w
Laila,6,w
Lana,6,w
Lilia,6,w
Lorena,6,w
Ahmed,6,m
Lorin,6,w
Alessandro,6,m
Lynn,6,w
Arda,6,m
Mavi,6,w
Bennet,6,m
Nila,6,w
Christopher,6,m
Noemi,6,w
Colin,6,m
Rania,6,w
Darian,6,m
Ronja,6,w
Ediz,6,m
Selma,6,w
Eliah,6,m
Sofie,6,w
Elyas,6,m
Zara,6,w
Enes,6,m
Eray,6,m
Ferdinand,6,m
Giuliano,6,m
Ibrahim,6,m
Ilias,6,m
Imran,6,m
Jerome,6,m
John,6,m
Kadir,6,m
Karlo,6,m
Lenny,6,m
Lion,6,m
Lutz,6,m
Marc,6,m
Marco,6,m
Matthias,6,m
Michael,6,m
Miraç,6,m
Rocco,6,m
Semih,6,m
Severin,6,m
Taylan,6,m
Tiago,6,m
Tilo,6,m
Umut,6,m
Vito,6,m
Yahya,6,m
Josef,5,m
Charlotte,5,w
Elisabeth,5,w
Alicia,5,w
Azra,5,w
Ella,5,w
Friederike,5,w
Gabriele,5,w
Grace,5,w
Hanna,5,w
Jasmin,5,w
Joleen,5,w
Lotte,5,w
Madita,5,w
Mae,5,w
Malina,5,w
Marina,5,w
Mathilde,5,w
Medina,5,w
Melek,5,w
Naomi,5,w
Paula,5,w
Rosalie,5,w
Sena,5,w
Thea,5,w
Zeynep,5,w
Zoe,5,w
Bastian,5,m
Bernd,5,m
Caspar,5,m
Constantin,5,m
Eduard,5,m
Emre,5,m
Erich,5,m
Eymen,5,m
Francesco,5,m
Giuseppe,5,m
Heinrich,5,m
Henrik,5,m
John,5,m
Leander,5,m
Leopold,5,m
Mats,5,m
Mika,5,m
Moritz,5,m
Nicolas,5,m
Otto,5,m
Patrick,5,m
Philip,5,m
Richard,5,m
Sami,5,m
Sascha,5,m
Talha,5,m
Tobias,5,m
Tom,5,m
Umut,5,m
Werner,5,m
Wolfgang,5,m
Alara,5,w
Alena,5,w
Aliya,5,w
Anouk,5,w
Aurora,5,w
Carolin,5,w
Carolina,5,w
Ceylin,5,w
Defne,5,w
Elissa,5,w
Eslem,5,w
Ina,5,w
Joleen,5,w
Linn,5,w
Linnea,5,w
Lou,5,w
Lucia,5,w
Lucy,5,w
Madeleine,5,w
Madita,5,w
Malin,5,w
Malina,5,w
Mariella,5,w
Marina,5,w
Marleen,5,w
Mathea,5,w
Melis,5,w
Melisa,5,w
Alend,5,m
Merve,5,w
Amar,5,m
Michelle,5,w
Amin,5,m
Mieke,5,w
Andreas,5,m
Natalie,5,w
Arne,5,m
Samira,5,w
Artin,5,m
Yara,5,w
Artur,5,m
Yuna,5,w
Baran,5,m
Zoey,5,w
Bo,5,m
Zümra,5,w
Charlie,5,m
Christian,5,m
Edwin,5,m
Eliano,5,m
Fiete,5,m
Filip,5,m
Giuseppe,5,m
Halil,5,m
Hasan,5,m
Jakub,5,m
Jamal,5,m
Jamie,5,m
Jannes,5,m
Jaro,5,m
Jesse,5,m
Jim,5,m
Junis,5,m
Karim,5,m
Kerim,5,m
Keyan,5,m
Len,5,m
Leonas,5,m
Leonhard,5,m
Leonidas,5,m
Markus,5,m
Miguel,5,m
Miro,5,m
Nelio,5,m
Niclas,5,m
Omar,5,m
Peter,5,m
Quentin,5,m
Salvatore,5,m
Samir,5,m
Silas,5,m
Stefan,5,m
Taha,5,m
Younes,5,m
Alexander,4,m
Christian,4,m
Rosa,4,w
Johann,4,m
Johannes,4,m
Michael,4,m
Wilhelm,4,m
Agnes,4,w
Alexa,4,w
Amélie,4,w
Anastasia,4,w
Christa,4,w
Christiane,4,w
Elli,4,w
Emily,4,w
Erika,4,w
Esma,4,w
Estelle,4,w
Felicitas,4,w
Florentine,4,w
Henriette,4,w
Hermine,4,w
Hope,4,w
Kaur,4,w
Klara,4,w
Lia,4,w
Lisa,4,w
Luana,4,w
Mara,4,w
Melina,4,w
Philippa,4,w
Romy,4,w
Ruth,4,w
Theresa,4,w
Theresia,4,w
Valeria,4,w
Zahra,4,w
Aaron,4,m
Adam,4,m
Alessio,4,m
Alp,4,m
Amin,4,m
André,4,m
Angelo,4,m
Artur,4,m
Bruno,4,m
Carlos,4,m
Damian,4,m
Dean,4,m
Emilian,4,m
Fabian,4,m
Fernando,4,m
Frank,4,m
Fynn,4,m
George,4,m
Gerd,4,m
Hector,4,m
Ibrahim,4,m
Isa,4,m
James,4,m
Jona,4,m
Jonah,4,m
Kerem,4,m
Kurt,4,m
Lasse,4,m
Leandro,4,m
Lennard,4,m
Leonas,4,m
Luke,4,m
Miguel,4,m
Mirac,4,m
Muhammed,4,m
Mustafa,4,m
Nathanael,4,m
Nepomuk,4,m
Pascal,4,m
Roman,4,m
Salih,4,m
Salvatore,4,m
Severin,4,m
Tim,4,m
Tyler,4,m
Walter,4,m
Willem,4,m
Yiğit,4,m
Ömer,4,m
Aişe,4,w
Alexia,4,w
Alia,4,w
Almina,4,w
Ana,4,w
Anne,4,w
Ariana,4,w
Arina,4,w
Asel,4,w
Aylin,4,w
Beatrice,4,w
Betül,4,w
Charlie,4,w
Darya,4,w
Dayana,4,w
Derin,4,w
Dina,4,w
Ebrar,4,w
Eda,4,w
Elanur,4,w
Eliza,4,w
Ellen,4,w
Emina,4,w
Emmi,4,w
Esther,4,w
Felicitas,4,w
Florentine,4,w
Fritzi,4,w
Hatice,4,w
Helen,4,w
Irma,4,w
Jamila,4,w
Jolina,4,w
Karina,4,w
Laia,4,w
Larissa,4,w
Lavin,4,w
Lea-Sophie,4,w
Adil,4,m
Lene,4,w
Adriano,4,m
Lenya,4,w
Alan,4,m
Letizia,4,w
Alexis,4,m
Leya,4,w
Andrej,4,m
Liah,4,w
Angelo,4,m
Liana,4,w
Atilla,4,m
Liliana,4,w
Ayman,4,m
Lilith,4,w
Batu,4,m
Lily,4,w
Bryan,4,m
Liz,4,w
Casper,4,m
Louise,4,w
Charles,4,m
Malak,4,w
Dante,4,m
Marlena,4,w
Davide,4,m
Marta,4,w
Dominik,4,m
Melia,4,w
Efe,4,m
Meliha,4,w
Elijah,4,m
Milana,4,w
Emanuel,4,m
Narin,4,w
Emirhan,4,m
Neele,4,w
Emre,4,m
Nia,4,w
Franz,4,m
Noa,4,w
Friedrich,4,m
Nour,4,w
Harun,4,m
Pelin,4,w
Hektor,4,m
Safia,4,w
Ilay,4,m
Safiya,4,w
Ivan,4,m
Sherin,4,w
James,4,m
Smilla,4,w
Janne,4,m
Sunny,4,w
Jano,4,m
Tessa,4,w
Janosch,4,m
Xenia,4,w
Josef,4,m
Zahra,4,w
José,4,m
Zeyneb,4,w
Kai,4,m
Kalle,4,m
Kevin,4,m
Koray,4,m
Kuzey,4,m
Leander,4,m
Lennox,4,m
Lionel,4,m
Ludwig,4,m
Mahir,4,m
Martin,4,m
Marvin,4,m
Matheo,4,m
Mathis,4,m
Mattes,4,m
Maurice,4,m
Miko,4,m
Natan,4,m
Niko,4,m
Noa,4,m
Otis,4,m
Ozan,4,m
Quinn,4,m
Richard,4,m
Robert,4,m
Ruben,4,m
Ryan,4,m
Said,4,m
Thiago,4,m
Thilo,4,m
Thomas,4,m
Timon,4,m
Timur,4,m
Tyler,4,m
Valentino,4,m
Victor,4,m
Vincenzo,4,m
Yannick,4,m
Yannik,4,m
Yaron,4,m
Zakaria,4,m
Çınar,4,m
Luise,3,w
Margarete,3,w
qizi,3,w
Sophia,3,w
Herbert,3,m
Otto,3,m
Theodor,3,m
Ada,3,w
Amelia,3,w
Ann,3,w
Anouk,3,w
Aurelia,3,w
Ava,3,w
Betül,3,w
Cataleya,3,w
Celine,3,w
Cornelia,3,w
Eleonora,3,w
Eliana,3,w
Eliza,3,w
Emilie,3,w
Fatima,3,w
Fee,3,w
Francesca,3,w
Franziska,3,w
Freya,3,w
Fritzi,3,w
Gül,3,w
Hafsa,3,w
Isabell,3,w
Jolie,3,w
Josephin,3,w
Juli,3,w
Juna,3,w
Karolina,3,w
Kate,3,w
Lea,3,w
Leandra,3,w
Leia,3,w
Lene,3,w
Leonora,3,w
Leyla,3,w
Lilia,3,w
Linn,3,w
Liya,3,w
Luz,3,w
Mailin,3,w
Maja,3,w
Malia,3,w
Margret,3,w
Mari,3,w
Matea,3,w
Merle,3,w
Michaela,3,w
Mila,3,w
Milena,3,w
Monika,3,w
Nami,3,w
Nele,3,w
Nora,3,w
Paulina,3,w
Petra,3,w
Pia,3,w
Rabia,3,w
Sare,3,w
Alfred,3,m
Simone,3,w
Anh,3,m
Sultan,3,w
Aras,3,m
Tanja,3,w
Aziz,3,m
Ulrike,3,w
Bennet,3,m
Ursula,3,w
Bent,3,m
Vera,3,w
Bernhard,3,m
Veronika,3,w
Bo,3,m
Zoé,3,w
Burhan,3,m
Carlo,3,m
Charlie,3,m
Christoph,3,m
Cornelius,3,m
Demir,3,m
Dieter,3,m
Edgar,3,m
Elia,3,m
Emilio,3,m
Enes,3,m
Ensar,3,m
Eric,3,m
Farhan,3,m
Fiete,3,m
Frederick,3,m
Fridolin,3,m
Gregor,3,m
Halil,3,m
Hanno,3,m
Harald,3,m
Hasan,3,m
Haydar,3,m
Henryk,3,m
İbrahim,3,m
Ioannis,3,m
Jacob,3,m
Jaron,3,m
Joachim,3,m
Jordan,3,m
José,3,m
Julien,3,m
Juri,3,m
Jürgen,3,m
Kai,3,m
Kamil,3,m
Kemal,3,m
Kilian,3,m
Klaus,3,m
Kofi,3,m
Krasimirov,3,m
Lennart,3,m
Leonardo,3,m
Leonidas,3,m
Lian,3,m
Luan,3,m
Lucas,3,m
Malte,3,m
Marc,3,m
Marcel,3,m
Marco,3,m
Marek,3,m
Mario,3,m
Marius,3,m
Markus,3,m
Marlon,3,m
Mateo,3,m
Maxim,3,m
Mehmet,3,m
Mert,3,m
Metin,3,m
Michel,3,m
Milo,3,m
Mio,3,m
Mohamed,3,m
Musa,3,m
Nikolaus,3,m
Olaf,3,m
Pio,3,m
Ralf,3,m
René,3,m
Roland,3,m
Said,3,m
Taha,3,m
Thorsten,3,m
Till,3,m
Yunus,3,m
Aaliyah,3,w
Adelina,3,w
Aida,3,w
Ajla,3,w
Alaa,3,w
Alba,3,w
Alexa,3,w
Almira,3,w
Alya,3,w
Amilia,3,w
Annabell,3,w
Annelie,3,w
Asiya,3,w
Beren,3,w
Beyza,3,w
Catalina,3,w
Celine,3,w
Ceren,3,w
Ceyda,3,w
Christina,3,w
Clarissa,3,w
Damla,3,w
Dana,3,w
Despina,3,w
Destiny,3,w
Dilay,3,w
Ece,3,w
Eliz,3,w
Ellie,3,w
Elodie,3,w
Elsa,3,w
Emilya,3,w
Enya,3,w
Esma,3,w
Esra,3,w
Evelyn,3,w
Evin,3,w
Feline,3,w
Filippa,3,w
Franka,3,w
Gloria,3,w
Hailey,3,w
Alejandro,3,m
Hana,3,w
Alois,3,m
Helene,3,w
Alp,3,m
Henriette,3,w
Alparslan,3,m
Hilal,3,w
Alperen,3,m
Hosna,3,w
Amos,3,m
Ikra,3,w
Aran,3,m
Inaya,3,w
Ari,3,m
Inga,3,w
Armin,3,m
Irem,3,w
Ayan,3,m
Iva,3,w
Bastian,3,m
Ivy,3,w
Bent,3,m
Jonna,3,w
Berkay,3,m
Josephin,3,w
Boris,3,m
Juli,3,w
Brian,3,m
Karolina,3,w
Cem,3,m
Khadija,3,w
Collin,3,m
Kiana,3,w
Cristiano,3,m
Kim,3,w
Darin,3,m
Lale,3,w
Davin,3,m
Leandra,3,w
Dennis,3,m
Leila,3,w
Devin,3,m
Lenja,3,w
Devran,3,m
Leona,3,w
Devrim,3,m
Leonora,3,w
Dian,3,m
Leticia,3,w
Dominic,3,m
Lilou,3,w
Eduard,3,m
Lin,3,w
Edward,3,m
Loki,3,w
Elia,3,m
Lola,3,w
Elliot,3,m
Lucie,3,w
Elvin,3,m
Maila,3,w
Elyesa,3,m
Mariana,3,w
Emiliano,3,m
Medine,3,w
Ertuğrul,3,m
Melike,3,w
Falk,3,m
Meyra,3,w
Fatih,3,m
Milou,3,w
Felipe,3,m
Nadia,3,w
Flavio,3,m
Nahla,3,w
Francesco,3,m
Naya,3,w
Gabriele,3,m
Nayla,3,w
George,3,m
Nazlı,3,w
Gianluca,3,m
Nelly,3,w
Gianni,3,m
Noelia,3,w
Hanno,3,m
Norah,3,w
Ilja,3,m
Pina,3,w
Ioannis,3,m
Polly,3,w
Ishak,3,m
Rabia,3,w
Iyed,3,m
Rana,3,w
Jaron,3,m
Rebecca,3,w
Jawad,3,m
Safa,3,w
Jordan,3,m
Salma,3,w
Joseph,3,m
Sena,3,w
Justin,3,m
Shana,3,w
Karol,3,m
Sıla,3,w
Laurenz,3,m
Simay,3,w
Laurin,3,m
Tara,3,w
Leano,3,m
Tasnim,3,w
Leif,3,m
Valerie,3,w
Lino,3,m
Viola,3,w
Lorenz,3,m
Yaren,3,w
Lorik,3,m
Yağmur,3,w
Luano,3,m
Youssra,3,w
Magnus,3,m
Malek,3,m
Marcello,3,m
Mario,3,m
Mathias,3,m
Matthis,3,m
Melih,3,m
Mete,3,m
Metehan,3,m
Mikael,3,m
Mike,3,m
Mirac,3,m
Moses,3,m
Moussa,3,m
Muhammad,3,m
Musa,3,m
Nathan,3,m
Nelson,3,m
Nikita,3,m
Nuno,3,m
Nuri,3,m
Onur,3,m
Osman,3,m
Patrick,3,m
Phileas,3,m
Phillip,3,m
Rion,3,m
Rosario,3,m
Seyyid,3,m
Sinan,3,m
Sivan,3,m
Talha,3,m
Taro,3,m
Teo,3,m
Thore,3,m
Til,3,m
Willem,3,m
William,3,m
Yakup,3,m
Yassin,3,m
Yigit,3,m
Yunes,3,m
Hubertus,2,m
Katharina,2,w
Toku,2,m
Angelika,2,w
Anna,2,w
Barbara,2,w
Adem,2,m
Carla,2,w
Alfons,2,m
Emilie,2,w
Ali,2,m
Gerda,2,w
Andreas,2,m
Gisela,2,w
Arthur,2,m
Helene,2,w
Ben,2,m
Johanne,2,w
Dieter,2,m
Katharina,2,w
Elias,2,m
Lou,2,w
Friedrich,2,m
Louise,2,w
Georg,2,m
Rose,2,w
Hakan,2,m
Sofia,2,w
Heinrich,2,m
Tomova,2,w
Hermann,2,m
Viktoria,2,w
Jakob,2,m
Joachim,2,m
Julius,2,m
Kasimir,2,m
Khoa,2,m
Manfred,2,m
Maria,2,m
Noah,2,m
Oskar,2,m
Rainer,2,m
Salem,2,m
Severin,2,m
Walter,2,m
Werner,2,m
,2,w
Adriana,2,w
Agnieszka,2,w
Agrippina,2,w
Aleksandrova,2,w
Alessia,2,w
Alexia,2,w
Alice,2,w
Alva,2,w
Amalie,2,w
Amira,2,w
Andrea,2,w
Angelika,2,w
Anita,2,w
Annabelle,2,w
Anni,2,w
Apollonia,2,w
Aria,2,w
Ariana,2,w
Astrid,2,w
Avin,2,w
Aylin,2,w
Babette,2,w
Banu,2,w
Carina,2,w
Carla,2,w
Carolin,2,w
Carolina,2,w
Caroline,2,w
Chanel,2,w
Cheyenne,2,w
Christina,2,w
Concetta,2,w
Cristina,2,w
Denisa,2,w
Diana,2,w
Doris,2,w
Ece,2,w
Eda,2,w
Elfi,2,w
Eliz,2,w
Ellen,2,w
Emma,2,w
Esila,2,w
Eve,2,w
Eylül,2,w
Fabienne,2,w
Felice,2,w
Felicia,2,w
Feline,2,w
Filippa,2,w
Fiona,2,w
Gabriella,2,w
Gisèle,2,w
Helen,2,w
Hifa,2,w
Ilse,2,w
Ina,2,w
Ingeborg,2,w
Ivanova,2,w
Jael,2,w
Jana,2,w
Jane,2,w
Jolene,2,w
Joline,2,w
Josefin,2,w
June,2,w
Kaja,2,w
Karla,2,w
Karlotta,2,w
Kim,2,w
Konstantina,2,w
Kübra,2,w
Larissa,2,w
Laura,2,w
Li,2,w
Lidia,2,w
,2,m
Lieselotte,2,w
Abdullah,2,m
Lili,2,w
Abraham,2,m
Lilly,2,w
Adrien,2,m
Linnea,2,w
Ahmad,2,m
Liz,2,w
Alan,2,m
Loni,2,w
Alfons,2,m
Lorena,2,w
Alois,2,m
Lorin,2,w
Alper,2,m
Lucy,2,w
Ammar,2,m
Luna,2,w
Antonino,2,m
Lynn,2,w
Antonius,2,m
Magdalene,2,w
Arda,2,m
Malin,2,w
Arif,2,m
Margareta,2,w
Armin,2,m
Mariam,2,w
Arne,2,m
Mariana,2,w
Arno,2,m
Marianna,2,w
Arthur,2,m
Marianne,2,w
Asaf,2,m
Marlen,2,w
Ata,2,m
Marli,2,w
Aurelius,2,m
Mathea,2,w
Ayaz,2,m
Maya,2,w
Azim,2,m
Melin,2,w
Baki,2,m
Mercan,2,w
Balthasar,2,m
Meryem,2,w
Bela,2,m
Meta,2,w
Benito,2,m
Milla,2,w
Bentley,2,m
Minou,2,w
Bjarne,2,m
Nerea,2,w
Canel,2,m
Nicole,2,w
Carmine,2,m
Noa,2,w
Casper,2,m
Panagiota,2,w
Chris,2,m
Penelope,2,w
Christos,2,m
Philine,2,w
Cihan,2,m
Polly,2,w
Colin,2,m
Ravza,2,w
Dennis,2,m
Rebecca,2,w
Derek,2,m
Regina,2,w
Diego,2,m
Renée,2,w
Dursun,2,m
Ria,2,w
Ege,2,m
Ricarda,2,w
Elian,2,m
Rosemarie,2,w
Eliano,2,m
Ruby,2,w
Elija,2,m
Rüya,2,w
Emanuel,2,m
Sadar,2,w
Emmanuel,2,m
Sahra,2,w
Emmett,2,m
Salome,2,w
Engelbert,2,m
Sarah,2,w
Enzo,2,m
Selma,2,w
Ertuğrul,2,m
Serra,2,w
Fabio,2,m
Serwaa,2,w
Fevzi,2,m
Sofi,2,w
Filip,2,m
Soraya,2,w
Fred,2,m
Stine,2,w
Friedemann,2,m
Susan,2,w
Gerald,2,m
Susanne,2,w
Gerhard,2,m
Tamara,2,w
Giancarlo,2,m
Teresa,2,w
Giuliano,2,m
Thalia,2,w
Günter,2,m
Tilda,2,w
Han,2,m
Trixi,2,w
Hannes,2,m
Valerie,2,w
Hans,2,m
Vanessa,2,w
Heinz,2,m
Vincenza,2,w
Helmut,2,m
Yasmin,2,w
Henning,2,m
Zehra,2,w
Hugo,2,m
Zoey,2,w
Hussein,2,m
Zümra,2,w
Ilay,2,m
Ilyas,2,m
Immanuel,2,m
Ismail,2,m
Ivo,2,m
Jack,2,m
Jackson,2,m
Jacques,2,m
Jamal,2,m
Janek,2,m
Jannik,2,m
Jari,2,m
Jason,2,m
Jay,2,m
Jeremia,2,m
Jesper,2,m
Jim,2,m
Joe,2,m
Jon,2,m
Jorge,2,m
Joris,2,m
Jules,2,m
Junior,2,m
Kadir,2,m
Kamal,2,m
Karl-Heinz,2,m
Kaspar,2,m
Kayden,2,m
Kağan,2,m
Konrad,2,m
Kristian,2,m
Laurin,2,m
Leonel,2,m
Leonhard,2,m
Levin,2,m
Lino,2,m
Lio,2,m
Lorenzo,2,m
Ludwig,2,m
Luiz,2,m
Mahir,2,m
Marcus,2,m
Marian,2,m
Mark,2,m
Marvin,2,m
Matheo,2,m
Mathis,2,m
Matthes,2,m
Matti,2,m
Maurice,2,m
Mica,2,m
Mihai,2,m
Milchev,2,m
Minh,2,m
Miraç,2,m
Mohammed,2,m
Nabil,2,m
Nathaniel,2,m
Neo,2,m
Nicholas,2,m
Niclas,2,m
Nikolas,2,m
Noan,2,m
Norbert,2,m
Nouri,2,m
Ove,2,m
Petrov,2,m
Rafael,2,m
Reinhold,2,m
Ricardo,2,m
Riza,2,m
Roberto,2,m
Roger,2,m
Ruben,2,m
Ryan,2,m
Salim,2,m
Salvador,2,m
Sam,2,m
Samson,2,m
Selim,2,m
Sky,2,m
Steffen,2,m
Taylan,2,m
Tiberius,2,m
Timm,2,m
Titus,2,m
Toprak,2,m
Vincenzo,2,m
Vito,2,m
Vitus,2,m
Volker,2,m
Willi,2,m
Wojciech,2,m
Zain,2,m
Étienne,2,m
Aaliya,2,w
Adama,2,w
Adar,2,w
Adea,2,w
Aimée,2,w
Aischa,2,w
Aisha,2,w
Alana,2,w
Alea,2,w
Alenia,2,w
Aliyah,2,w
Amal,2,w
Amely,2,w
Amra,2,w
Anastasija,2,w
Andia,2,w
Angela,2,w
Anita,2,w
Anna-Lena,2,w
Annabel,2,w
Antonie,2,w
Aria,2,w
Arya,2,w
Asia,2,w
Asli,2,w
Asmin,2,w
Ayda,2,w
Ayça,2,w
Ayşe,2,w
Barbara,2,w
Belinay,2,w
Berenike,2,w
Beritan,2,w
Berra,2,w
Betty,2,w
Cansu,2,w
Carlie,2,w
Caroline,2,w
Cathy,2,w
Celin,2,w
Chanel,2,w
Chayenne,2,w
Abdallah,2,m
Cheyenne,2,w
Abdulrahman,2,m
Christine,2,w
Abdurahman,2,m
Cora,2,w
Abdurrahman,2,m
Cécilia,2,w
Abraham,2,m
Céline,2,w
Adian,2,m
Dalina,2,w
Adnan,2,m
Daniela,2,w
Aidan,2,m
Darina,2,w
Aiden,2,m
Davina,2,w
Ajan,2,m
Debora,2,w
Alaz,2,m
Delia,2,w
Aleksandar,2,m
Delina,2,w
Alen,2,m
Dila,2,w
Aliyar,2,m
Dorothea,2,w
Alpaslan,2,m
Dunya,2,w
Amiel,2,m
Eden,2,w
Ammar,2,m
Edina,2,w
Anas,2,m
Egzona,2,w
Andrei,2,m
Ekaterina,2,w
André,2,m
Elaine,2,w
Angelos,2,m
Elara,2,w
Anthony,2,m
Elea,2,w
Antonius,2,m
Elenia,2,w
Antony,2,m
Eleysa,2,w
Aram,2,m
Eliana,2,w
Arjen,2,m
Elida,2,w
Artiom,2,m
Elisea,2,w
Asan,2,m
Elizabeth,2,w
Asım,2,m
Elizan,2,w
Ata,2,m
Elmira,2,w
Atakan,2,m
Emel,2,w
Aurelio,2,m
Emine,2,w
Ayas,2,m
Enie,2,w
Ayoub,2,m
Esin,2,w
Azad,2,m
Estelle,2,w
Bajram,2,m
Evelin,2,w
Baldur,2,m
Fabienne,2,w
Batuhan,2,m
Fanta,2,w
Beran,2,m
Fatma,2,w
Bernardo,2,m
Felicia,2,w
Burak,2,m
Felina,2,w
Buray,2,m
Feride,2,w
Béla,2,m
Fine,2,w
Bünyamin,2,m
Fleur,2,w
Carlos,2,m
Florentina,2,w
Chahine,2,m
Francesca,2,w
Christos,2,m
Gabriela,2,w
Ciro,2,m
Giada,2,w
Connor,2,m
Gjemile,2,w
Dalyan,2,m
Gretchen,2,w
Damien,2,m
Hajar,2,w
Damir,2,m
Halime,2,w
Dan,2,m
Hanne,2,w
Daniele,2,m
Hayat,2,w
Danilo,2,m
Hedda,2,w
Darko,2,m
Hedi,2,w
Demba,2,m
Hiba,2,w
Denis,2,m
Hilda,2,w
Dimitar,2,m
Hilde,2,w
Dino,2,m
Ilenia,2,w
Dion,2,m
Ileyna,2,w
Diyako,2,m
Ilvy,2,w
Diyar,2,m
Imke,2,w
Don,2,m
Ines,2,w
Dylan,2,m
İrem,2,w
Dzenan,2,m
Isa,2,w
Eddie,2,m
Isra,2,w
Eldin,2,m
Ivana,2,w
Eliyas,2,m
Ivie,2,w
Enrique,2,m
Iwa,2,w
Eris,2,m
Jael,2,w
Eyüp,2,m
Janna,2,w
Faris,2,m
Janne,2,w
Fernando,2,m
Jasmina,2,w
Ferris,2,m
Jean,2,w
Finnick,2,m
Jil,2,w
Flint,2,m
Jill,2,w
Fred,2,m
Joan,2,w
Fridolin,2,m
Joline,2,w
Furkan,2,m
Jona,2,w
Gaetano,2,m
Judith,2,w
Georgios,2,m
Jula,2,w
Gero,2,m
Juliana,2,w
Gian,2,m
Kaia,2,w
Giovanni,2,m
Kamila,2,w
Gregor,2,m
Karoline,2,w
Gustaf,2,m
Kenza,2,w
Gustav,2,m
Kowsar,2,w
Güney,2,m
Kristina,2,w
Habib,2,m
Lahja,2,w
Hanna,2,m
Lania,2,w
Hannnes,2,m
Larin,2,w
Hans,2,m
Larisa,2,w
Hector,2,m
Layla,2,w
Henning,2,m
Lejla,2,w
Hüseyin,2,m
Leoni,2,w
İbrahim,2,m
Levke,2,w
Ilian,2,m
Leyna,2,w
Ilija,2,m
Lidia,2,w
Ilkay,2,m
Lieselotte,2,w
İlyas,2,m
Lili,2,w
İsa,2,m
Lille,2,w
Isai,2,m
Lillian,2,w
İshak,2,m
Lio,2,w
Iyad,2,m
Liora,2,w
Jack,2,m
Lisann,2,w
Jalil,2,m
Lisbeth,2,w
Jari,2,m
Liselotte,2,w
Jarik,2,m
Liva,2,w
Jeremy,2,m
Lordina,2,w
Joan,2,m
Lotti,2,w
Johnny,2,m
Lucile,2,w
Jonne,2,m
Luzi,2,w
Jorik,2,m
Luzie,2,w
Junes,2,m
Lya,2,w
Jusuf,2,m
Maali,2,w
Kacper,2,m
Mahinur,2,w
Karam,2,m
Maia,2,w
Keno,2,m
Maide,2,w
Khaled,2,m
Malea,2,w
Khalil,2,m
Manal,2,w
Kiano,2,m
Margarethe,2,w
Kirill,2,m
Marieke,2,w
Kiyan,2,m
Marilou,2,w
Knut,2,m
Maroua,2,w
Konstantinos,2,m
Marwa,2,w
Kristian,2,m
Mathilde,2,w
Kubilay,2,m
Maxi,2,w
Lean,2,m
Maxima,2,w
Leart,2,m
May,2,w
Leonel,2,m
Melanie,2,w
Leonid,2,m
Melda,2,w
Levy,2,m
Melinda,2,w
Lewin,2,m
Mercy,2,w
Livan,2,m
Meva,2,w
Logan,2,m
Mia-Sophie,2,w
Lorenzo,2,m
Mihrimah,2,w
Lounis,2,m
Mileen,2,w
Luc,2,m
Mimi,2,w
Luigi,2,m
Minea,2,w
Luk,2,m
Minel,2,w
Lunis,2,m
Miral,2,w
László,2,m
Mo,2,w
Mads,2,m
Nada,2,w
Mailo,2,m
Nala,2,w
Mak,2,m
Naomi,2,w
Makdad,2,m
Nelia,2,w
Marlo,2,m
Nena,2,w
Marten,2,m
Neyla,2,w
Matias,2,m
Nike,2,w
Maximiliano,2,m
Nikita,2,w
Melvin,2,m
Nil,2,w
Mervan,2,m
Noor,2,w
Micha,2,m
Oliwia,2,w
Migel,2,m
Ona,2,w
Milad,2,m
Palina,2,w
Milano,2,m
Paola,2,w
Milat,2,m
Pippa,2,w
Milow,2,m
Piya,2,w
Mirkan,2,m
Pola,2,w
Mirza,2,m
Polina,2,w
Muhamed,2,m
Princess,2,w
Murat,2,m
Rachel,2,w
Musab,2,m
Rahel,2,w
Mussa,2,m
Ravza,2,w
Nabil,2,m
Raya,2,w
Nael,2,m
Reyyan,2,w
Nikan,2,m
Riley,2,w
Nikodem,2,m
Rim,2,w
Nima,2,m
Rojda,2,w
Noam,2,m
Romayssa,2,w
Noan,2,m
Romi,2,w
Noar,2,m
Romina,2,w
Nolan,2,m
Rosel,2,w
Noé,2,m
Rosie,2,w
Odin,2,m
Roya,2,w
Oğuz,2,m
Roza,2,w
Pascal,2,m
Rubi,2,w
Peer,2,m
Rüya,2,w
Pit,2,m
Sabah,2,w
Raffaele,2,m
Sahar,2,w
Rami,2,m
Samantha,2,w
Ramon,2,m
Samiya,2,w
Remo,2,m
Sare,2,w
Riad,2,m
Sarina,2,w
Rian,2,m
Saya,2,w
Rico,2,m
Semra,2,w
Roberto,2,m
Sevda,2,w
Romeo,2,m
Shams,2,w
Roni,2,m
Shanaya,2,w
Ruven,2,m
Sharon,2,w
Salih,2,m
Shirin,2,w
Salim,2,m
Sidra,2,w
Sammy,2,m
Silviya,2,w
Samy,2,m
Sina,2,w
Sandro,2,m
Sinem,2,w
Santino,2,m
Sira,2,w
Sem,2,m
Stephanie,2,w
Seyed,2,m
Sumaya,2,w
Seyit,2,m
Sumeja,2,w
Simeon,2,m
Svea,2,w
Siyar,2,m
Tabea,2,w
Sofian,2,m
Talia,2,w
Soufian,2,m
Taliya,2,w
Syed,2,m
Tamara,2,w
Tammo,2,m
Tiara,2,w
Tekin,2,m
Toni,2,w
Thorben,2,m
Tuba,2,w
Tiam,2,m
Uma,2,w
Timm,2,m
Veronika,2,w
Tino,2,m
Vesna,2,w
Tizian,2,m
Viana,2,w
Tolga,2,m
Vittoria,2,w
Toprak,2,m
Viyan,2,w
Valerio,2,m
Wilma,2,w
Viktor,2,m
Yael,2,w
Vitus,2,m
Yamina,2,w
Walid,2,m
Yasmina,2,w
Wasim,2,m
Yasmine,2,w
Willi,2,m
Zelal,2,w
Yannis,2,m
Zeyna,2,w
Yavuz,2,m
Zina,2,w
Yonah,2,m
Zofia,2,w
Yoshua,2,m
Özge,2,w
Yusein,2,m
Şefika,2,w
Yuşa,2,m
Ziad,2,m
Maria,1,m
Maria,1,w
Sixtus,1,m
Elisabeth,1,w
Nikolaus,1,w
Adedoyin,1,m
Jakob,1,w
Adrian,1,m
Josephine,1,w
Conan,1,m
Stephanie,1,w
Davit,1,m
Victor,1,m
Eliza,1,w
Afom,1,m
Erna,1,w
Alfred,1,m
Ferdinande,1,w
Alvaro,1,m
Ingrid,1,w
Amatus,1,m
Irene,1,w
Bombastus,1,m
Jolie,1,w
Bruno,1,m
Maria,1,w
Eberhard,1,m
Marie,1,w
Eddin,1,m
Micheline,1,w
Eliah,1,m
Moritz,1,w
Franko,1,m
Pantera,1,w
Gamal,1,m
Pauline,1,w
Jakob,1,m
Petra,1,w
Karl,1,m
Sophie,1,w
Mael,1,m
Teresa,1,w
Maria,1,m
Martin,1,m
Maxim,1,m
Maximilian,1,m
Nassar,1,m
Nikolaus,1,m
Olabanji,1,m
Robert,1,m
Stephanus,1,m
Theodor,1,m
Ulrich,1,m
Wolfgang,1,m
Abu,1,w
Adriane,1,w
Adzo,1,w
Alaïa,1,w
Aleksandra,1,w
Aloisia,1,w
Amari,1,w
Amidala,1,w
Anaëlle,1,w
Angelou,1,w
Anita,1,w
Anka,1,w
Ann-Christin,1,w
Annemarie,1,w
Aaron,1,m
Annikki,1,w
Abram,1,m
Antoinette,1,w
Adjoa,1,m
Anuschka,1,w
Adriaan,1,m
Aroha,1,w
Adrian,1,m
Aurika,1,w
Adriano,1,m
Aurora,1,w
Ahmed,1,m
Ava,1,w
Ajawou,1,m
Awa,1,w
Alaa,1,m
Beatrice,1,w
Alain,1,m
Belinay,1,w
Albert,1,m
Belén,1,w
Alessandro,1,m
Benedetta,1,w
Alexis,1,m
Bernadette,1,w
Alfred,1,m
Bernd,1,w
Alois,1,m
Bettina,1,w
Alouis,1,m
Bibata,1,w
Amaru,1,m
Bilgin,1,w
Amin,1,m
Birgit,1,w
Andres,1,m
Bowie,1,w
Anno,1,m
Bärbel,1,w
Antonius,1,m
Börte,1,w
Ariel,1,m
Carmen,1,w
Arnold,1,m
Carola,1,w
Aron,1,m
Caroline,1,w
Ata,1,m
Catherine,1,w
Aulis,1,m
Chanel,1,w
Aurelius,1,m
Charly,1,w
Ayori,1,m
Chiara,1,w
Bakr,1,m
Christiane,1,w
Bartholomäus,1,m
Claudia,1,w
Bastian,1,m
Constanze,1,w
Bateer,1,m
Cornelia,1,w
Benedict,1,m
Cäcilia,1,w
Benjamin,1,m
Damayanti,1,w
Bernard,1,m
Dawood,1,w
Bernd,1,m
Delfina,1,w
Bertus,1,m
Demi,1,w
Bonaventure,1,m
Devi,1,w
Brilliant,1,m
Diotima,1,w
Camille,1,m
Dorothea,1,w
Carl,1,m
Elfriede,1,w
Carlo,1,m
Elif,1,w
Chris,1,m
Elke,1,w
Christof,1,m
Emilia,1,w
Christoph,1,m
Emmelie,1,w
Clint,1,m
Enna,1,w
Constantin,1,m
Erika,1,w
Damien,1,m
Erna,1,w
Dan,1,m
Ewa,1,w
Daniel,1,m
Fabiola,1,w
Diamond,1,m
Felicia,1,w
Dominik,1,m
Florence,1,w
Ebubekir,1,m
Francisca,1,w
Edonojie,1,m
Francovna,1,w
Eduard,1,m
Franziska,1,w
Ellis,1,m
Frederice,1,w
Ernst,1,m
Frieda,1,w
Esosa,1,m
Friedel,1,w
Eugène,1,m
Gabriele,1,w
Fabian,1,m
Georgia,1,w
Feliaz,1,m
Giesela,1,w
Ferdinand,1,m
Giuseppa,1,w
Fintan,1,m
Gloria,1,w
Florian,1,m
Graziella,1,w
Francis,1,m
Greta,1,w
Frank,1,m
Haji,1,w
Franklin,1,m
Hannelore,1,w
Franziskus,1,m
Helena,1,w
Frederick,1,m
Helma,1,w
Frederik,1,m
Hemma,1,w
Frey,1,m
Henriette,1,w
Fynn,1,m
Ilham,1,w
Fürchtegott,1,m
Ilona,1,w
Genajo,1,m
Ingelore,1,w
Gentil,1,m
Ini,1,w
Gerardo,1,m
Irene,1,w
Gero,1,m
Irmgard,1,w
Hamdi,1,m
Irmlind,1,w
Hasan,1,m
Isabeau,1,w
Hassan,1,m
Isabella,1,w
Heinz,1,m
Jeanette,1,w
Helgo,1,m
Jolina,1,w
Helmut,1,m
Jona,1,w
Henri,1,m
Josefine,1,w
Henry,1,m
Jule,1,w
Hiểu,1,m
Julia,1,w
Hjalmar,1,m
Julie,1,w
Hubert,1,m
Jutta,1,w
Hung,1,m
Karoline,1,w
Immanuel,1,m
Katharine,1,w
Ireoluwa,1,m
Kathrin,1,w
İslam,1,m
Katrin,1,w
Itzak,1,m
Kaya,1,w
Jakub,1,m
Klara,1,w
Jannis,1,m
Leonie,1,w
Jayden,1,m
Leonor,1,w
Jean,1,m
Letizia,1,w
Jobe,1,m
Lilith,1,w
Joel,1,m
Ling,1,w
John,1,m
Linh,1,w
Jon,1,m
Lotte,1,w
Jonas,1,m
Louisa,1,w
Joseph,1,m
Ludovica,1,w
János,1,m
Mae,1,w
Jérôme,1,m
Mai,1,w
Karl,1,m
Maleika,1,w
Kenzel,1,m
Malie,1,w
Kimutai,1,m
Malou,1,w
Kinsella,1,m
Manette,1,w
Klaus,1,m
Margareta,1,w
Kofi,1,m
Margaretha,1,w
Kojo,1,m
Marie-Theres,1,w
Konrad,1,m
Marieke,1,w
Konstantin,1,m
Marija,1,w
Kontongomde,1,m
Marlies,1,w
Krasimirov,1,m
Marliese,1,w
Kristian,1,m
Marlise,1,w
Kurt,1,m
Marta,1,w
Kwesi,1,m
Marthel,1,w
Kyi,1,m
Matea,1,w
Leander,1,m
Mathea,1,w
Lee,1,m
Mathilda,1,w
Leo,1,m
Maxine,1,w
Leonhard,1,m
Mercedes,1,w
Leopold,1,m
Mieke,1,w
Leto,1,m
Mina,1,w
Limu,1,m
Mira,1,w
Lius,1,m
Monika,1,w
Luam,1,m
Muzahem,1,w
Luc,1,m
Nadine,1,w
Luca,1,m
Naomi,1,w
Lukas,1,m
Nevenka,1,w
Manes,1,m
Newiana,1,w
Marco,1,m
Ninfa,1,w
Martin,1,m
Niya,1,w
Massimo,1,m
Njwie,1,w
Mateo,1,m
Noja,1,w
Matondo,1,m
Nova,1,w
Matteo,1,m
Omega,1,w
Maxim,1,m
Paraskevi,1,w
Mazen,1,m
Patience,1,w
Mehmet,1,m
Pauline,1,w
Merlin,1,m
Penelope,1,w
Metz,1,m
Pernille,1,w
Mihailov,1,m
Petra,1,w
Miquel,1,m
Philomena,1,w
Mohamed,1,m
Pia,1,w
Muhammad,1,m
Putri,1,w
Musa,1,m
Qizi,1,w
Mustafa,1,m
Regina,1,w
Na,1,m
Renesmee,1,w
Naphtali,1,m
Rosemarie,1,w
Nathaniel,1,m
Rusalina,1,w
Nesta,1,m
Sandra,1,w
Nicolai,1,m
Sanjay,1,w
Nicolas,1,m
Saphira,1,w
Nils,1,m
Sasi,1,w
Njenga,1,m
Sayela,1,w
Noel,1,m
Sena,1,w
Nuri,1,m
Sofie,1,w
Nwabuike,1,m
Sonja,1,w
Oliverovitch,1,m
Stine,1,w
Onyeka,1,m
Sulaiman,1,w
oğlu,1,m
Sultan,1,w
Pablo,1,m
Susann,1,w
Pascal,1,m
Susanna,1,w
Patrick,1,m
Sylvia,1,w
Pius,1,m
Tanja,1,w
Platon,1,m
Theresa,1,w
Por,1,m
Therese,1,w
Raimund,1,m
Trudy,1,w
Ramiz,1,m
Ulrike,1,w
Rasho,1,m
Ursula,1,w
René,1,m
Vanessa,1,w
Richard,1,m
Veronika,1,w
Robert,1,m
Victoria,1,w
Rudi,1,m
Vittoria,1,w
Sah,1,m
Vivien,1,w
Salaheldin,1,m
Vladislavovna,1,w
Saliou,1,m
Yahya,1,w
Samuel,1,m
Yanovna,1,w
Santo,1,m
Yi,1,w
Sebastian,1,m
Zahra,1,w
Shahrokh,1,m
Zaira,1,w
Silvio,1,m
Zoe,1,w
Svilen,1,m
Zora,1,w
Tamo,1,m
Theo,1,m
Thorval,1,m
Tidiane,1,m
Tito,1,m
Torsten,1,m
Ulrich,1,m
Vico,1,m
Victor,1,m
Vidor,1,m
Vincent,1,m
Volker,1,m
Walther,1,m
Wang,1,m
Wilfried,1,m
William,1,m
Wim,1,m
Wolf,1,m
Yaacov,1,m
Yaşar,1,m
Zoltán,1,m
Zübeyir,1,m
Aaliesha,1,w
Aaliya,1,w
Aaliyah,1,w
Abdelkhalek,1,w
Adalet,1,w
Adele,1,w
Adesuwa,1,w
Aduke,1,w
Aedah,1,w
Aemilia,1,w
Afomia,1,w
Afriyie,1,w
Agata,1,w
Agie,1,w
Aileen,1,w
Ainhoa,1,w
Aischa,1,w
Aissata,1,w
Aiwei,1,w
Akhmedovna,1,w
Akif,1,w
Akiti,1,w
Akua,1,w
Alana,1,w
Albane,1,w
Albertina,1,w
Albina,1,w
Alea,1,w
Alegra,1,w
Alegría,1,w
Alejandra,1,w
Alejandrina,1,w
Alejandro,1,w
Aleksandra,1,w
Aleksandrovna,1,w
Alena,1,w
Alessandra,1,w
Aleyah,1,w
Alima,1,w
Alinda,1,w
Aline,1,w
Aliosmanova,1,w
Alisa,1,w
Aliyah,1,w
Aliye,1,w
Alliah,1,w
Alma,1,w
Almazovna,1,w
Alrike,1,w
Altanay,1,w
Altay,1,w
Alya,1,w
Ama,1,w
Amaal,1,w
Amanda,1,w
Amandine,1,w
Amani,1,w
Amata,1,w
Amaya,1,w
Ambra,1,w
Amely,1,w
Amil,1,w
Amilia,1,w
Amina,1,w
Amrita,1,w
Amy,1,w
Ananda,1,w
Andra,1,w
Andrei,1,w
Angel,1,w
Angela,1,w
Angelova,1,w
Anh,1,w
Anjali,1,w
Anna-Elisa,1,w
Anna-Maria,1,w
Annabel,1,w
Anne,1,w
Annelie,1,w
Anneliese,1,w
Annemarie,1,w
Annemie,1,w
Annette,1,w
Annie,1,w
Annik,1,w
Annina,1,w
Anou,1,w
Antoinette,1,w
Antonina,1,w
Anwar,1,w
Apolonia,1,w
Apostolova,1,w
Aras,1,w
Ariane,1,w
Arife,1,w
Abas,1,m
Arjani,1,w
Abbas,1,m
Armen,1,w
Abdalrahman,1,m
Artemis,1,w
Abdualrahman,1,m
Arya,1,w
Abdul,1,m
Asal,1,w
Abdula,1,m
Ascensión,1,w
Abdulrahim,1,m
Asel,1,w
Abdulrahman,1,m
Asena,1,w
Abdurrahman,1,m
Asenova,1,w
Ablorh,1,m
Aslanovna,1,w
Abu,1,m
Astoria,1,w
Adalbert,1,m
Asuncion,1,w
Adel,1,m
Augusta,1,w
Ado,1,m
Aurora,1,w
Adriano,1,m
Avelina,1,w
Adèm,1,m
Ayanda,1,w
Aengus,1,m
Aybüke,1,w
Afonso,1,m
Aydzhanova,1,w
Agostino,1,m
Aynur,1,w
Agrippino,1,m
Ayse,1,w
Agustin,1,m
Ayyed,1,w
Ahamed,1,m
Ayélé,1,w
Ahmed,1,m
Ayşe,1,w
Aiwanose,1,m
Aşire,1,w
Akif,1,m
Barnett,1,w
Akin,1,m
Beatrice,1,w
Aktan,1,m
Bedriye,1,w
Al,1,m
Behiye,1,w
Alain,1,m
Belinay,1,w
Alberto,1,m
Belle,1,w
Aldo,1,m
Benedetta,1,w
Alejandro,1,m
Bensu,1,w
Aleksandar,1,m
Beren,1,w
Aleksandrov,1,m
Beril,1,w
Alen,1,m
Berit,1,w
Alex,1,m
Bernadett,1,w
Alexandre,1,m
Berrin,1,w
Alexandru,1,m
Betty,1,w
Alexandër,1,m
Beyda,1,w
Aliev,1,m
Bianca,1,w
Alihan,1,m
Bilyanova,1,w
Alin,1,m
Biola,1,w
Allah,1,m
Birgit,1,w
Allen,1,m
Birgül,1,w
Almagid,1,m
Blanca,1,w
Alpha,1,m
Blandine,1,w
Alptuğ,1,m
Bo,1,w
Alvaro,1,m
Borislavova,1,w
Amadeo,1,m
Branimirova,1,w
Amadeus,1,m
Brasilia,1,w
Amine,1,m
Bruni,1,w
Amr,1,m
Buglem,1,w
Anderson,1,m
Bulankete,1,w
Andie,1,m
Büşra,1,w
Andrea,1,m
Caisey,1,w
Andrei,1,m
Calia,1,w
Andrew,1,m
Cara,1,w
Andris,1,m
Carmela,1,w
András,1,m
Carmen,1,w
Andrés,1,m
Cassia,1,w
Aneliev,1,m
Catarina,1,w
Angelos,1,m
Catherine,1,w
Angelov,1,m
Cathleen,1,w
Angelus,1,m
Caylan,1,w
Anil,1,m
Cağla,1,w
Anouk,1,m
Cebille,1,w
Antoine,1,m
Cecilia,1,w
Anze,1,m
Celestine,1,w
Aotea,1,m
Celina,1,w
Ares,1,m
Cennet,1,w
Arian,1,m
Ceylin,1,w
Aris,1,m
Chan,1,w
Armando,1,m
Chantal,1,w
Armani,1,m
Charlie,1,w
Arta,1,m
Chiara,1,w
Arturo,1,m
Chihiro,1,w
Arun,1,m
Ching,1,w
Asare,1,m
Chioma,1,w
Asiamah,1,m
Chloe,1,w
Aslanovič,1,m
Chrisi,1,w
Augustin,1,m
Christel,1,w
Aurel,1,m
Christin,1,w
Aurelio,1,m
Chuyi,1,w
Avi,1,m
Claire,1,w
Aviv,1,m
Clarissa,1,w
Axel,1,m
Clarisse,1,w
Aydın,1,m
Claudia,1,w
Ayi-Kushi,1,m
Cleo,1,w
Aykut,1,m
Constanze,1,w
Ayomide,1,m
Consuela,1,w
Ayomikun,1,m
Cäcilia,1,w
Ayt,1,m
Cäcilie,1,w
Azad,1,m
Cécile,1,w
Bajwa,1,m
Dagmar,1,w
Baris,1,m
Dahlia,1,w
Bartholomew,1,m
Dalia,1,w
Basileios,1,m
Daniela,1,w
Bavuilani,1,m
Danielle,1,w
Beat,1,m
Deetje,1,w
Behroez,1,m
Dela,1,w
Behsat,1,m
Delal,1,w
Bekir,1,m
Delaya,1,w
Benedetto,1,m
Denise,1,w
Benett,1,m
Deniz,1,w
Beni,1,m
Denizova,1,w
Benjamín,1,m
Destiny,1,w
Benno,1,m
Dewi,1,w
Benny,1,m
Deysi,1,w
Benoit,1,m
Diamond,1,w
Benson,1,m
Diba,1,w
Berdi,1,m
Dilay,1,w
Bergen,1,m
Dilayla,1,w
Berkay,1,m
Dilbera,1,w
Bert,1,m
Dilgüşa,1,w
Bilel,1,m
Dimitrova,1,w
Bjoris,1,m
Dina,1,w
Blagoev,1,m
Dita,1,w
Blagovestov,1,m
Djamila,1,w
Blaise,1,m
Dmitrievna,1,w
Bodo,1,m
Dominika,1,w
Bogdan,1,m
Dominique,1,w
Bond,1,m
Dora,1,w
Borja,1,m
Dorcas,1,w
Bowie,1,m
Dorota,1,w
Braima,1,m
Douha,1,w
Brkan,1,m
Dua,1,w
Brook,1,m
Duha,1,w
Bulcsú,1,m
Dunya,1,w
Bulut,1,m
Ebru,1,w
Burak,1,m
Ecaterina,1,w
Béla,1,m
Edda,1,w
Caesar,1,m
Eden,1,w
Cainan,1,m
Editha,1,w
Calvin,1,m
Eduarda,1,w
Cansın,1,m
Edze,1,w
Casimir,1,m
Efrossini,1,w
Cassian,1,m
Ehtiramovna,1,w
Celal,1,m
Eilen,1,w
Cerwan,1,m
Elahia,1,w
Cesur,1,m
Eleana,1,w
Chairat,1,m
Eleni,1,w
Charis,1,m
Eleonore,1,w
Charles,1,m
Elin,1,w
Chen,1,m
Elina,1,w
Chenxu,1,m
Elinor,1,w
Chibuikem,1,m
Elisabetta,1,w
Chidubem,1,m
Elizabeth,1,w
Chimaobim,1,m
Elizan,1,w
Chinomso,1,m
Eloisa,1,w
Chiyem,1,m
Eloïse,1,w
Christiano,1,m
Elsa,1,w
Chukwukere,1,m
Else,1,w
Cinar,1,m
Elu,1,w
Cinzio,1,m
Elvin,1,w
Clark,1,m
Elvina,1,w
Claudius,1,m
Elyana,1,w
Clemens,1,m
Emely,1,w
Connor,1,m
Emina,1,w
Conrad,1,m
Emine,1,w
Constanijn,1,m
Emmi,1,w
Constantine,1,m
Emmy,1,w
Cossi,1,m
Emre,1,w
Cristian,1,m
Endegena,1,w
Cuauhtemoc,1,m
Enyue,1,w
Cyverion,1,m
Erdinch,1,w
Daan,1,m
Erica,1,w
Dalawar,1,m
Erol,1,w
Dalvin,1,m
Erva,1,w
Dana,1,m
Esmeralda,1,w
Daniell,1,m
Essotom,1,w
Danil,1,m
Esther,1,w
Daniyal,1,m
Etienne,1,w
Danny,1,m
Eugenia,1,w
Dantago,1,m
Euphrasie,1,w
Danzeng,1,m
Evangeline,1,w
Darian,1,m
Evelin,1,w
Dario,1,m
Eveline,1,w
Dariush,1,m
Evgenia,1,w
Davi,1,m
Evin,1,w
Davis,1,m
Ewa,1,w
Dawid,1,m
Ezo,1,w
Delon,1,m
Fabiena,1,w
Demian,1,m
Faith,1,w
Destan,1,m
Farah,1,w
Diamantov,1,m
Farize,1,w
Dietmar,1,m
Fatiha,1,w
Dillan,1,m
Fatimatou,1,w
Dimitrie,1,m
Fatma,1,w
Dinata,1,m
Fatna,1,w
Domenic,1,m
Felicja,1,w
Domenico,1,m
Felina,1,w
Domingos,1,m
Felixina,1,w
Dominik,1,m
Fernanda,1,w
Dominikovič,1,m
Fida,1,w
Dovudovič,1,m
Fidan,1,w
Draganov,1,m
Filia,1,w
Drislwyn,1,m
Filicia,1,w
Durmus,1,m
Filipa,1,w
Durmuş,1,m
Flavia,1,w
Dustin,1,m
Florence,1,w
Dylan,1,m
Florie,1,w
Eberhard,1,m
Frederike,1,w
Ebeto,1,m
Friedrich,1,w
Ebubechi,1,m
Frimpong,1,w
Edison,1,m
Fynnja,1,w
Edmund,1,m
Félice,1,w
Eduku,1,m
Gabriel,1,w
Edward,1,m
Garova,1,w
Edwin,1,m
Genoveva,1,w
Efendi,1,m
Georgeta,1,w
Efeose,1,m
Georgianna,1,w
Efrem,1,m
Geraldine,1,w
Efrosinov,1,m
Gesa,1,w
Eghosa,1,m
Gina,1,w
Egon,1,m
Ginkova,1,w
Ehimen,1,m
Gisa,1,w
Eike,1,m
Gita,1,w
Ekele,1,m
Giuseppina,1,w
Ekkehard,1,m
Gloria,1,w
Elamin,1,m
Gretchen,1,w
Elif,1,m
Gyanbea,1,w
Eliseu,1,m
Gyunaydinova,1,w
Elm,1,m
Gökçe,1,w
Elom,1,m
Gülenay,1,w
Elouan,1,m
Gülsüm,1,w
Emad,1,m
Güneş,1,w
Emal,1,m
Günterovna,1,w
Emeka,1,m
Habibatou,1,w
Emrah,1,m
Hajar,1,w
En,1,m
Hajer,1,w
Enno,1,m
Halima,1,w
Enrique,1,m
Halime,1,w
Eoin,1,m
Hana,1,w
Eraremen,1,m
Hanieh,1,w
Erasmus,1,m
Hanne,1,w
Eray,1,m
Hanni,1,w
Erdem,1,m
Hayat,1,w
Erdoğan,1,m
Hazal,1,w
Erhan,1,m
Hazel,1,w
Eri,1,m
Heather,1,w
Ernesto,1,m
Hedi,1,w
Ernst,1,m
Heidi,1,w
Erol,1,m
Heja,1,w
Ertugrul,1,m
Helga,1,w
Esteban,1,m
Hezam,1,w
Ethan,1,m
Hilda,1,w
Eugen,1,m
Hilde,1,w
Evaggelios,1,m
Hildegard,1,w
Everhard,1,m
Hira,1,w
Evgenyevič,1,m
Hivda,1,w
Evren,1,m
Hjortshøj,1,w
Eşref,1,m
Hollie,1,w
Fabijan,1,m
Holly,1,w
Fabrice,1,m
Honour,1,w
Fadel,1,m
Hristova,1,w
Fadhil,1,m
Humeyra,1,w
Faruk,1,m
Hyudaet,1,w
Federic,1,m
Hyuseinova,1,w
Felicia,1,m
Hélène,1,w
Felipe,1,m
Hülya,1,w
Feras,1,m
Hüma,1,w
Ferenc,1,m
Iasmin,1,w
Ferit,1,m
Ifeoma,1,w
Fernandez,1,m
Igorevna,1,w
Ferus,1,m
Ihsan,1,w
Fettah,1,m
Ilayda,1,w
Fil,1,m
Ilinca,1,w
Filipe,1,m
Ilvie,1,w
Finnley,1,m
Ilvy,1,w
Firas,1,m
Ilyayda,1,w
Fırat,1,m
Indah,1,w
Firdaus,1,m
Inga,1,w
Flores,1,m
Inge,1,w
Florin,1,m
Io,1,w
Frederic,1,m
Ioana,1,w
Fridthjof,1,m
Irene,1,w
Fried,1,m
Irina,1,w
Friedel,1,m
Iris,1,w
Furkan,1,m
Irma,1,w
Gabor,1,m
Irmgard,1,w
Gaetano,1,m
Irmina,1,w
Gagi,1,m
Isa,1,w
Gaspar,1,m
Isabely,1,w
Gaspare,1,m
Ishvari,1,w
Gazibegović,1,m
Ismayil,1,w
Gereon,1,m
Iuriivna,1,w
Gernod,1,m
Iva,1,w
Geronimo,1,m
Izabela,1,w
Gerrard,1,m
Izabella,1,w
Gessesse,1,m
Jade,1,w
Gherom,1,m
Jamelia,1,w
Gia,1,m
James,1,w
Gianluca,1,m
Jamila,1,w
Gino,1,m
Janine,1,w
Gionatan,1,m
Jeanette,1,w
Giorgio,1,m
Jeanine,1,w
Giosuè,1,m
Jeanne,1,w
Giovanni,1,m
Jeannette,1,w
Gisbert,1,m
Jenaya,1,w
Glen,1,m
Jennifer,1,w
Goodluck,1,m
Jeta,1,w
Gordian,1,m
Jewell,1,w
Gregory,1,m
Jhomi,1,w
Grigor,1,m
Jil,1,w
Gurgen,1,m
Joely,1,w
Gyurgenov,1,m
Johana,1,w
Günther,1,m
Johanne,1,w
Hakim,1,m
Jolien,1,w
Hansen,1,m
Josefa,1,w
Harri,1,m
Josefina,1,w
Harry,1,m
Joséphine,1,w
Hasso,1,m
Jovana,1,w
Hattakorn,1,m
Joy,1,w
Hendric,1,m
Jozefina,1,w
Hendrik,1,m
Judith,1,w
Hennes,1,m
Juley,1,w
Herbert,1,m
Juliana,1,w
Herfried,1,m
Juliane,1,w
Hermann,1,m
Juline,1,w
Hervé,1,m
Junia,1,w
Hessan,1,m
Juno,1,w
Hieronymus,1,m
Kadira,1,w
Hikmet,1,m
Kalea,1,w
Hongyi,1,m
Karin,1,w
Hossam,1,m
Kasem,1,w
Hovsep,1,m
Kassiopeia,1,w
Hubertus,1,m
Kataleya,1,w
Hussain,1,m
Katharin,1,w
Hà,1,m
Kathleen,1,w
Hùng,1,m
Katinka,1,w
Hüdayi,1,m
Kauane,1,w
Hüseyin,1,m
Kaya,1,w
Ibramov,1,m
Kazadi,1,w
Ilai,1,m
Kebetat,1,w
Ilazov,1,m
Kelly,1,w
İlhami,1,m
Keo,1,w
Ilhan,1,m
Ketty,1,w
İlhan,1,m
Khalaf,1,w
Ilhanov,1,m
Khudhur,1,w
Ilia,1,m
Kiana,1,w
Ilias,1,m
Kiara,1,w
Ilkan,1,m
Kifaah,1,w
Ilko,1,m
Kisimba,1,w
İlyas,1,m
Kitti,1,w
İnce,1,m
Klementine,1,w
Insu,1,m
Konstantinovna,1,w
Iranzi,1,m
Krasimirova,1,w
Ireneusz,1,m
Kristin,1,w
Irfan,1,m
Kristina,1,w
Isaac,1,m
Kumiko,1,w
Isaak,1,m
Kyra,1,w
Isaiah,1,m
Käthe,1,w
Ismael,1,m
Laetitia,1,w
Israel,1,m
Laila,1,w
Isuf,1,m
Laris,1,w
Iuriiovič,1,m
Laurenz,1,w
Ivanov,1,m
Lauwrie,1,w
Jahne,1,m
Laye,1,w
Jameson,1,m
Lee,1,w
Jamie,1,m
Leevke,1,w
Jamil,1,m
Leilani,1,w
Jannes,1,m
Lenke,1,w
Jannis,1,m
Lenora,1,w
Janno,1,m
Lenya,1,w
Janos,1,m
Leo,1,w
Janosch,1,m
Leokadia,1,w
Janus,1,m
Leonore,1,w
Jared,1,m
Leontine,1,w
Jaro,1,m
Levana,1,w
Jascha,1,m
Lia-Marie,1,w
Jasin,1,m
Lian,1,w
Jawad,1,m
Liane,1,w
Jax,1,m
Lianna,1,w
Jayden,1,m
Lieke,1,w
Jean,1,m
Lien,1,w
Jean-Michel,1,m
Lieve,1,w
Jemal,1,m
Lila,1,w
Jeremy,1,m
Liliana,1,w
Jerome,1,m
Lilika,1,w
Jerzy,1,m
Lilith,1,w
Jiarui,1,m
Lilli,1,w
Jibril,1,m
Lillian,1,w
Jimmie,1,m
Lillie,1,w
Jiyan,1,m
Lilo,1,w
Jo,1,m
Lilou,1,w
Joan,1,m
Lily,1,w
Joas,1,m
Line,1,w
Joko,1,m
Linh,1,w
Jonte,1,m
Linni,1,w
Jordanis,1,m
Linnéa,1,w
Jos,1,m
Liselotte,1,w
Joscha,1,m
Lisha,1,w
Josh,1,m
Lishi,1,w
Josha,1,m
Liva,1,w
Josifov,1,m
Lola,1,w
Josip,1,m
Loren,1,w
Joubin,1,m
Lou-Marion,1,w
Jounes,1,m
Louis,1,w
Jounis,1,m
Loïde,1,w
Jozef,1,m
Lu,1,w
Jozo,1,m
Luciana,1,w
Ju,1,m
Ludwina,1,w
Jukka,1,m
Luiza,1,w
Julián,1,m
Luka,1,w
Jun,1,m
Lule,1,w
Jun-Ho,1,m
Luzia,1,w
Jun-Xiong,1,m
Luzie,1,w
Jun-Ying,1,m
Léanne,1,w
Junhi,1,m
Ma,1,w
Jupp,1,m
Magali,1,w
Juris,1,m
Mahalia,1,w
Justin,1,m
Mahjouba,1,w
Jérôme,1,m
Mai,1,w
Kaify,1,m
Maike,1,w
Kajo,1,m
Makeda,1,w
Kaleo,1,m
Malea,1,w
Kalkan,1,m
Maliah,1,w
Kalle,1,m
Malie,1,w
Kamran,1,m
Malon,1,w
Kani,1,m
Malu,1,w
Karlsson,1,m
Malwina,1,w
Karol,1,m
Mansah,1,w
Kartal,1,m
Manuela,1,w
Kasimir,1,m
Marah,1,w
Kasper,1,m
Maraike,1,w
Kassandro,1,m
Marei,1,w
Kastriot,1,m
Maren,1,w
Kawa,1,m
Margaretha,1,w
Kay,1,m
Margarethe,1,w
Keith,1,m
Margit,1,w
Kelly,1,m
Margot,1,w
Kenan,1,m
Marie-Sol,1,w
Kenneth,1,m
Marieluise,1,w
Kerim,1,m
Marietta,1,w
Kevin,1,m
Marita,1,w
Khazali,1,m
Marlie,1,w
Kheder,1,m
Marta,1,w
Kian,1,m
Martina,1,w
Kimaru,1,m
Maryna,1,w
Kiran,1,m
Maré,1,w
Kiyan,1,m
Masal,1,w
Kjell,1,m
Masha,1,w
Klaas,1,m
Masod,1,w
Kolja,1,m
Masoud,1,w
Kon,1,m
Massud,1,w
Koray,1,m
Masuma,1,w
Korbinian,1,m
Matija,1,w
Kourosh,1,m
Maureen,1,w
Kristianov,1,m
Maurice,1,w
Kuba,1,m
Mava,1,w
Kumar,1,m
Maxima,1,w
Kyahi,1,m
Maxime,1,w
Kyton,1,m
May,1,w
Lando,1,m
Mayaya,1,w
Laoh,1,m
Maykalova,1,w
Laurence,1,m
Maylin,1,w
Laurenz,1,m
Maéva,1,w
Lauritz,1,m
Mediha,1,w
Lazaro,1,m
Medya,1,w
Lee,1,m
Megan,1,w
Lenn,1,m
Meike,1,w
Lennet,1,m
Meliah,1,w
Lennox,1,m
Meliha,1,w
Lenny,1,m
Melissa,1,w
Leone,1,m
Menoria,1,w
Leroy,1,m
Meral,1,w
Levent,1,m
Mercedes,1,w
Levis,1,m
Mercedesa,1,w
Lewin,1,m
Merel,1,w
Leyth,1,m
Mevsim,1,w
Li,1,m
Meyra,1,w
Lias,1,m
Mie,1,w
Liem,1,m
Mieke,1,w
Life,1,m
Mihaela,1,w
Lorenz,1,m
Mihailova,1,w
Losseny,1,m
Mihriban,1,w
Louie,1,m
Mihrimah,1,w
Lovis,1,m
Mikolaivna,1,w
Luciano,1,m
Milagros,1,w
Lucifer,1,m
Milana,1,w
Lucius,1,m
Milas,1,w
Luka,1,m
Minerva,1,w
Lukasz,1,m
Minka,1,w
Lutz,1,m
Miranda,1,w
Luuk,1,m
Miraç,1,w
Lyno,1,m
Miriam,1,w
Lyon,1,m
Mirja,1,w
Léan,1,m
Mirjana,1,w
Maddox,1,m
Mitkova,1,w
Mads,1,m
Modesta,1,w
Maftun,1,m
Momchilova,1,w
Magnus,1,m
Moni,1,w
Mahdi,1,m
Monique,1,w
Mahijawisnu,1,m
Munachimsom,1,w
Mahmud,1,m
Muriel,1,w
Mailo,1,m
Musa,1,w
Makaio-Victor,1,m
Mustafa,1,w
Maleek,1,m
Muthoni,1,w
Mamadou,1,m
Mutiara,1,w
Mani,1,m
Nada,1,w
Marcell,1,m
Nadia,1,w
Marcelo,1,m
Nadine,1,w
Marcin,1,m
Nadiye,1,w
Marie,1,m
Nadja,1,w
Marin,1,m
Naiara,1,w
Marko,1,m
Nailantei,1,w
Marley,1,m
Nalani,1,w
Marlow,1,m
Nandi,1,w
Marten,1,m
Naomie,1,w
Martí,1,m
Narin,1,w
Martín,1,m
Nastia,1,w
Masih,1,m
Natalia,1,w
Mason,1,m
Natalie,1,w
Matei,1,m
Natascha,1,w
Mateusz,1,m
Natividad,1,w
Mathias,1,m
Navina,1,w
Mattes,1,m
Nazar,1,w
Mattey,1,m
Nazire,1,w
Mattheo,1,m
Nduta,1,w
Matthew,1,m
Nehal,1,w
Matthäus,1,m
Nehir,1,w
Mattia,1,m
Neransoula,1,w
Matus,1,m
Nevin,1,w
Mauritius,1,m
Nezi,1,w
Mauritz,1,m
Neşe,1,w
Mauro,1,m
Nico,1,w
Mawulom,1,m
Nida,1,w
Maxime,1,m
Nike,1,w
Maximus,1,m
Nikita,1,w
Maxmilian,1,m
Nilay,1,w
Maël,1,m
Nilofah,1,w
Mehmedov,1,m
Nisa,1,w
Mehmood,1,m
Njanja,1,w
Melih,1,m
Noemie,1,w
Melik,1,m
Nola,1,w
Melin,1,m
Noomi,1,w
Menderes,1,m
Noor,1,w
Merlin,1,m
Nore,1,w
Mete,1,m
Nova,1,w
Miglenov,1,m
Nuo,1,w
Mihail,1,m
Nurbin,1,w
Mihailov,1,m
Nuria,1,w
Mihaylowich,1,m
Nyah,1,w
Mijo,1,m
Nyamekye,1,w
Mikael,1,m
Nüha,1,w
Mikdat,1,m
Octavia,1,w
Mikele,1,m
Ode-Titilayo,1,w
Miki,1,m
Odilia,1,w
Milenov,1,m
Oghosa,1,w
Milian,1,m
Oluwadamilola,1,w
Miljaim,1,m
Omosigho,1,w
Minacori,1,m
Onome,1,w
Minchev,1,m
Ornella,1,w
Miro,1,m
Osatohanmwen,1,w
Miroslav,1,m
Osazee,1,w
Mirum,1,m
Osinachi,1,w
Mizan,1,m
Ottilie,1,w
Mokhtar,1,m
Oyu,1,w
Molongi,1,m
Palomé,1,w
Moreno,1,m
Paola,1,w
Moro,1,m
Paora,1,w
Morris,1,m
Pari,1,w
Mourad,1,m
Pascale,1,w
Mowrad,1,m
Patricia,1,w
Mubanga,1,m
Peanie,1,w
Mukundi,1,m
Pelina,1,w
Mwangi,1,m
Peri,1,w
Nadhir,1,m
Petarova,1,w
Nadim,1,m
Poppy,1,w
Nadjibou,1,m
Precious,1,w
Nael,1,m
Princesa,1,w
Nahuel,1,m
Purity,1,w
Naim,1,m
Querine,1,w
Naoki,1,m
Rachael,1,w
Nawin,1,m
Rana,1,w
Nazarali,1,m
Rangelova,1,w
Naél,1,m
Raphaela,1,w
Necdet,1,m
Rebaz,1,w
Nedim,1,m
Rebeka,1,w
Nerses,1,m
Rei,1,w
Nestor,1,m
Revan,1,w
Nevfel,1,m
Reyna,1,w
Nevzat,1,m
Reyyan,1,w
Ngamo,1,m
Rhabea,1,w
Nicolae,1,m
Riana,1,w
Nicolai,1,m
Rika,1,w
Niilo,1,m
Rike,1,w
Nikita,1,m
Rizvanovna,1,w
Nikolai,1,m
Robin,1,w
Nikolov,1,m
Rojna,1,w
Nikos,1,m
Romina,1,w
Nio,1,m
Rosaria,1,w
Niomby,1,m
Rosie,1,w
Nizar,1,m
Rosina,1,w
Nkembo,1,m
Rosmarie,1,w
Nnamdi,1,m
Roža,1,w
Noa,1,m
Rukky,1,w
Noe,1,m
Rumenova,1,w
Noras,1,m
Ruža,1,w
Noél,1,m
Sabine,1,w
Numan,1,m
Sabrina,1,w
Nuri,1,m
Sadat,1,w
Nuyan,1,m
Saif,1,w
O'Connor,1,m
Salia,1,w
Obiajulu,1,m
Salomeh,1,w
Odin,1,m
Samantha,1,w
Odysseas,1,m
Sametova,1,w
Oghoghosa,1,m
Samireva,1,w
Oglu,1,m
Sandova,1,w
Oktay,1,m
Sanjana,1,w
Olusola,1,m
Santina,1,w
Onno,1,m
Sao,1,w
Onur,1,m
Saroosh,1,w
Orazio,1,m
Sashova,1,w
Orhan,1,m
Savannah,1,w
Orlando,1,m
Sawdatu,1,w
Osarumese,1,m
Sayge,1,w
Osasenaga,1,m
Sayuri,1,w
Osasere,1,m
Sebahat,1,w
Osavbie,1,m
Sebiha,1,w
Osayemwenre,1,m
Seena,1,w
Osazee,1,m
Selin,1,w
Oska,1,m
Semiha,1,w
Otis,1,m
Sergeevna,1,w
Ousmane,1,m
Serpil,1,w
Owen,1,m
Sevasti,1,w
Oğuzhan,1,m
Sevde,1,w
Pamedi,1,m
Severinova,1,w
Parcival,1,m
Sezen,1,w
Pars,1,m
Shakira,1,w
Paskal,1,m
Sharon,1,w
Pavao,1,m
Sheirin,1,w
Peer,1,m
Shirin,1,w
Peik,1,m
Sibel,1,w
Pepee,1,m
Sieglinde,1,w
Peppy,1,m
Sila,1,w
Peter-Andreas,1,m
Silke,1,w
Pharrell,1,m
Siwar,1,w
Phil,1,m
Sofya,1,w
Phúc,1,m
Sokhna,1,w
Piero,1,m
Sol,1,w
Pierre,1,m
Solin,1,w
Pierre-Luca,1,m
Sonea,1,w
Piet,1,m
Sonia,1,w
Pin,1,m
Sonja,1,w
Prasad,1,m
Sonne,1,w
Prince,1,m
Sophia-Kathrin,1,w
Property,1,m
Sopie,1,w
Qamar,1,m
Soé,1,w
Quentin,1,m
Sparrow,1,w
Ragnar,1,m
Stafanie,1,w
Rahman,1,m
Stefanija,1,w
Rahmatullojevič,1,m
Stella,1,w
Raimon,1,m
Stephanie,1,w
Raimund,1,m
Stiliyan,1,w
Rainer,1,m
Stéphanie,1,w
Rajmund,1,m
Sue,1,w
Rakete,1,m
Suhrana,1,w
Ram,1,m
Suliman,1,w
Ramzy,1,m
Sumaya,1,w
Rareş,1,m
Suna,1,w
Rea,1,m
Sunita,1,w
Reda,1,m
Susuruka,1,w
Redzhebov,1,m
Suzan,1,w
Reiner,1,m
Svea,1,w
Reinhard,1,m
Svenja,1,w
Remo,1,m
Swantje,1,w
Remzi,1,m
Sâra,1,w
Renal,1,m
Sümeyye,1,w
Renaldo,1,m
Tabea,1,w
Reno,1,m
Tabitha,1,w
Renqing,1,m
Tak-Sin,1,w
Reza,1,m
Talha,1,w
Riley,1,m
Talia,1,w
Rivaldo,1,m
Tatjana,1,w
Robson,1,m
Temur,1,w
Rocka,1,m
Tessa,1,w
Rodi,1,m
Theres,1,w
Romeo,1,m
Thy,1,w
Roni,1,m
Tiana,1,w
Rosario,1,m
Tina,1,w
Roy,1,m
Tincheva,1,w
Royd,1,m
Toni,1,w
Rubino,1,m
Tonia,1,w
Rudi,1,m
Tova,1,w
Rudolph,1,m
Trudi,1,w
Rumenov,1,m
Tselot,1,w
Sabah,1,m
Tuana,1,w
Sabatino,1,m
Tyra,1,w
Sacharja,1,m
Ufuomaoghene,1,w
Saeed,1,m
Ulani,1,w
Sait,1,m
Ute,1,w
Salman,1,m
Valentine,1,w
Salvin,1,m
Verena,1,w
Saman,1,m
Veselinova,1,w
Samir,1,m
Vezire,1,w
Samu,1,m
Viola,1,w
Sandro,1,m
Violet,1,w
Sanjay,1,m
Violetova,1,w
Santiago,1,m
Virag,1,w
Saul,1,m
Vivek,1,w
Savaş,1,m
Véronique,1,w
Saverio,1,m
Walburga,1,w
Scott,1,m
Wali,1,w
Sebastiano,1,m
Wambui,1,w
Sebastián,1,m
Wangari,1,w
Sebastião,1,m
Wilder,1,w
Sedat,1,m
Wilhelmine,1,w
Sekou,1,m
Winou,1,w
Selorm,1,m
Xiu,1,w
Semih,1,m
Xuan-An,1,w
Senad,1,m
Yade,1,w
Sentavios,1,m
Yahse,1,w
Serge,1,m
Yamileth,1,w
Sergeev,1,m
Yamina,1,w
Sergej,1,m
Yan,1,w
Serhat,1,m
Yaren,1,w
Serwan,1,m
Yarhelis,1,w
Sevastian,1,m
Yassir,1,w
Severinov,1,m
Yennefer,1,w
Seyyid,1,m
Yosias,1,w
Shafi,1,m
Yumi,1,w
Shaheer,1,m
Yun,1,w
Shanti,1,m
Yur`evna,1,w
Shing,1,m
Yusra,1,w
Simão,1,m
Zayane,1,w
Sina,1,m
Zdzislawa,1,w
Singh,1,m
Zeinab,1,w
Sinh,1,m
Zennure,1,w
Stanislav,1,m
Zhasmin,1,w
Stefanov,1,m
Zhuoyue,1,w
Steve,1,m
Zofia,1,w
Stoyanov,1,m
Zoi,1,w
Strahilov,1,m
Zoly,1,w
Surkhay,1,m
Zora,1,w
Sven,1,m
Zozan,1,w
Svetlev,1,m
Zufa,1,w
Syed,1,m
Çağla,1,w
Sylwester,1,m
Çilek,1,w
Szymon,1,m
Şahsenem,1,w
Süha,1,m
Süleyman,1,m
Tadao,1,m
Take,1,m
Talib,1,m
Tamias,1,m
Tamino,1,m
Tane,1,m
Tanwi,1,m
Tarek,1,m
Tarık,1,m
Tayo,1,m
Tayyip,1,m
Tekin,1,m
Telmo,1,m
Temelkov,1,m
Terence,1,m
Tesfay,1,m
Thaddäus,1,m
Thamer,1,m
Thiago,1,m
Thierry,1,m
Thor,1,m
Thore,1,m
Théodore,1,m
Tian,1,m
Tico,1,m
Tidiane,1,m
Tilmann,1,m
Timo,1,m
Timur,1,m
Tius,1,m
Tochukwu,1,m
Tomasso,1,m
Tomek,1,m
Tonda,1,m
Toni,1,m
Torben,1,m
Trifonov,1,m
Tristan,1,m
Tsetsov,1,m
Tumani,1,m
Tushar,1,m
Tuğra,1,m
Tyrion,1,m
Ufuk,1,m
Uwe,1,m
Uy,1,m
Vakkas,1,m
Valenntinovič,1,m
Valentino,1,m
Valer'evič,1,m
Valerian,1,m
Valon,1,m
Vasil,1,m
Vassilios,1,m
Vefa,1,m
Vehpi,1,m
Veit,1,m
Vergilov,1,m
Veysel,1,m
Victor,1,m
Viktor,1,m
Vinod,1,m
Vinzent,1,m
Vinzenz,1,m
Vitaly,1,m
Vittorio,1,m
Vladimirov,1,m
Vuyani,1,m
Vytautas,1,m
Washington,1,m
Weining,1,m
Wellington,1,m
Wete,1,m
Williams,1,m
Willy,1,m
Witold,1,m
Xaver,1,m
Xavier,1,m
Xingzhuo,1,m
Xiuyuan,1,m
Yael,1,m
Yancheng,1,m
Yanis,1,m
Yankov,1,m
Yannick,1,m
Yasar,1,m
Yashar,1,m
Yasir,1,m
Yavor,1,m
Yaw,1,m
Yağız,1,m
Yaşar,1,m
Yeboah,1,m
Yemi,1,m
Yiğithan,1,m
Yoskov,1,m
Youssef,1,m
Ysaac,1,m
Yuan,1,m
Yul,1,m
Yumer,1,m
Yunes,1,m
Yushah,1,m
Yuşa,1,m
Yvo,1,m
Zacharias,1,m
Zad,1,m
Zaid,1,m
Zardasht,1,m
Zare,1,m
Zayn,1,m
Zaza,1,m
Zenon,1,m
Zhichuan,1,m
Ziad,1,m
Ziva,1,m
Zongyin,1,m
Zoran,1,m
Zubairevič,1,m
Zulfikar,1,m
Çakır,1,m
Şahin,1,m
Şakir,1,m
Şuayip,1,m
Abby,1,w
Abby-Lou,1,w
Aahil,1,m
Abbygale,1,w
Aaliyah,1,m
Abedah,1,w
Aarav,1,m
Abeera,1,w
Aarom,1,m
Abigail,1,w
Abd,1,m
Acelya,1,w
Abdel,1,m
Adalida,1,w
Abderahman,1,m
Adele,1,w
Abdou,1,m
Adeline,1,w
Abdul,1,m
Adelisa,1,w
Abdul-Rehman,1,m
Adelya,1,w
Abdulaziz,1,m
Aden,1,w
Abdulkader,1,m
Adina,1,w
Abdulkerim,1,m
Adrienne,1,w
Abdulwahab,1,m
Aganmathi,1,w
Abimael,1,m
Agrippina,1,w
Abraam,1,m
Ahmet,1,w
Abtin,1,m
Ahsen-Meryem,1,w
Ace,1,m
Aidana,1,w
Adan,1,m
Aikaterini,1,w
Adham,1,m
Aimelis,1,w
Adis,1,m
Aimiliana,1,w
Adnaan,1,m
Ainara,1,w
Adonay,1,m
Aise,1,w
Adrián,1,m
Aivi,1,w
Adryan,1,m
Ajlin,1,w
Afron,1,m
Ajna,1,w
Agit,1,m
Ajnur,1,w
Ahmad,1,m
Akilah,1,w
Aitan,1,m
Alaia,1,w
Ajlan,1,m
Alanood,1,w
Akim,1,m
Alaska,1,w
Akın,1,m
Alegra,1,w
Akio,1,m
Alessa,1,w
Akmal,1,m
Alessia-Amalia,1,w
Akram,1,m
Aleya,1,w
Akyel,1,m
Aliana,1,w
Al-Karim,1,m
Alica,1,w
Alan-Kerim,1,m
Alicja,1,w
Aland,1,m
Alida,1,w
Alban,1,m
Aliki,1,w
Albert,1,m
Alina-Fabienne,1,w
Albion,1,m
Alisha,1,w
Albrecht,1,m
Alisia,1,w
Aldo,1,m
Alissandra,1,w
Aldo-Aurelio,1,m
Almas,1,w
Aleks,1,m
Aloy,1,w
Aleksander,1,m
Alysha-Sophie,1,w
Aleksej,1,m
Alyson,1,w
Aleksi,1,m
Alyssa,1,w
Alexandar,1,m
Amaia,1,w
Alexandre,1,m
Amaira,1,w
Alexandros,1,m
Amali,1,w
Alexandru,1,m
Amarachukwu,1,w
Alexey,1,m
Amarella,1,w
Alexs,1,m
Amaris,1,w
Alfred,1,m
Amatul,1,w
Alhussein,1,m
Amelya,1,w
Ali-Miran,1,m
Ameris,1,w
Alihan,1,m
Amia,1,w
Alisahan,1,m
Amilya,1,w
Alissa,1,m
Aminata,1,w
Allnd,1,m
Aminenur,1,w
Alma,1,m
Amitis,1,w
Almin,1,m
An,1,w
Alon,1,m
Ana-Maria,1,w
Alp-Kaan,1,m
Anabelle,1,w
Alper,1,m
Anagha,1,w
Alrik,1,m
Anahita,1,w
Altay,1,m
Anaiah,1,w
Alvah,1,m
Anano,1,w
Alvar,1,m
Anastazya,1,w
Alve,1,m
Anaya,1,w
Amadou,1,m
Andiya,1,w
Amane,1,m
Andjelina,1,w
Amani,1,m
Andrea,1,w
Amaro,1,m
Andrija,1,w
Amel,1,m
Anela,1,w
Amendra,1,m
Anesa,1,w
Amet,1,m
Anfal,1,w
Amil-Leyl,1,m
Ange,1,w
Amir-Malik,1,m
Angel,1,w
Amjad,1,m
Angelika,1,w
Ammo,1,m
Angeliki,1,w
Amon,1,m
Ani,1,w
Amon-Johann,1,m
Anica,1,w
Amran,1,m
Aniek,1,w
Anaser-Ayan,1,m
Anik,1,w
Andre,1,m
Anika,1,w
Andro,1,m
Anissa,1,w
Anes,1,m
Anjarli-Sophie,1,w
Angel,1,m
Anka,1,w
Anh,1,m
Ankion,1,w
Anik,1,m
Ann-Cathrin,1,w
Anil,1,m
Ann-Kathrin,1,w
Anıl,1,m
Ann-Sophie,1,w
Anir,1,m
Anna-Elisabeth,1,w
Aniss,1,m
Anna-Maria,1,w
Anointed,1,m
Anna-Marlena,1,w
Ansi,1,m
Anna-Sofia,1,w
Antoni,1,m
Annabella,1,w
Anuar,1,m
Annalena,1,w
Anwell,1,m
Annaleona,1,w
Arad,1,m
Anneli,1,w
Arafat,1,m
Annemarie,1,w
Arden,1,m
Annemrie,1,w
Ardi,1,m
Annie,1,w
Are,1,m
Annik,1,w
Arean,1,m
Annisa,1,w
Arel,1,m
Annnika,1,w
Aren,1,m
Anousch,1,w
Arend,1,m
Ansella,1,w
Ares,1,m
Antigona,1,w
Argjent,1,m
Antonella,1,w
Aria,1,m
Antonia-Sorina,1,w
Arilès,1,m
Anureet,1,w
Arin,1,m
Anuschka,1,w
Arion,1,m
Anushara,1,w
Aris,1,m
Anwaar,1,w
Arivan,1,m
Any,1,w
Ariyan,1,m
Apollonia,1,w
Arman,1,m
Appolonie,1,w
Armando,1,m
Ariadni,1,w
Armeljon,1,m
Ariane,1,w
Armir,1,m
Arianna,1,w
Arnold,1,m
Arijana,1,w
Arron,1,m
Arin,1,w
Arsen,1,m
Ariyah,1,w
Arssel,1,m
Aroa,1,w
Artjom,1,m
Arsema,1,w
Arvid,1,m
Arwen,1,w
Arvin,1,m
Aryana,1,w
Arwin,1,m
Asenat,1,w
Arya,1,m
Asil,1,w
Arya-Nico,1,m
Asja,1,w
Aryan,1,m
Aslıhan,1,w
Asim,1,m
Aslihan,1,w
Aslan,1,m
Asmaa,1,w
Aslanbek,1,m
Asmera,1,w
Asmat,1,m
Assal,1,w
Asuman,1,m
Assia,1,w
Athanasios,1,m
Assija,1,w
Atlas,1,m
Assil,1,w
Atrin,1,m
Assna,1,w
Aurelien,1,m
Asu,1,w
Aurelius,1,m
Asude,1,w
Aurian,1,m
Atay,1,w
Avdush,1,m
Atia,1,w
Avi,1,m
Atike,1,w
Avraz,1,m
Atrina,1,w
Avyukt,1,m
Aulona,1,w
Awab,1,m
Aurélie,1,w
Awash,1,m
Ava-Maria,1,w
Axel,1,m
Avelina,1,w
Ayansh,1,m
Avery,1,w
Ayham,1,m
Aviella,1,w
Ayhan,1,m
Avila-Juna,1,w
Aylen,1,m
Avin,1,w
Aymen,1,m
Avina,1,w
Aynur,1,m
Avril,1,w
Ayrik,1,m
Avya,1,w
Ayub,1,m
Awat,1,w
Azem,1,m
Aya-Estelle,1,w
Azet,1,m
Ayca,1,w
Badr,1,m
Aylis,1,w
Baffour-Asare,1,m
Ayliz,1,w
Bahoz,1,m
Aymira,1,w
Balazs,1,m
Aynisa,1,w
Balthasar,1,m
Aynişan,1,w
Barbod,1,m
Ayperi,1,w
Baron,1,m
Ayse,1,w
Barsam,1,m
Aysenur,1,w
Bartek,1,m
Aysima,1,w
Bartolomeo,1,m
Aysun,1,w
Bartosz,1,m
Ayten,1,w
Bartu,1,m
Ayumi,1,w
Baruar,1,m
Ayșe,1,w
Barzan,1,m
Azahara,1,w
Bas,1,m
Azzurra,1,w
Batu-Egehan,1,m
Bableen,1,w
Bavar,1,m
Banas,1,w
Bavly,1,m
Baraa,1,w
Baybars,1,m
Basma,1,w
Bayram,1,m
Batool,1,w
Behroz,1,m
Beauty,1,w
Bejtulah,1,m
Bedianur,1,w
Bekas,1,m
Behre,1,w
Bekir,1,m
Bela,1,w
Belami,1,m
Benasir,1,w
Belan,1,m
Benedetta,1,w
Ben-Luca,1,m
Bengi,1,w
Benaja,1,m
Bente,1,w
Benan,1,m
Beraet,1,w
Benay,1,m
Berfin,1,w
Benett,1,m
Berna,1,w
Bennett,1,m
Berrin,1,w
Benny,1,m
Betelihem,1,w
Benyamin,1,m
Beya,1,w
Beran-Deniz,1,m
Bianca,1,w
Berhan,1,m
Bianka,1,w
Berkan,1,m
Biav,1,w
Berkin,1,m
Biblina,1,w
Bernhard,1,m
Bilge,1,w
Bert,1,m
Billie-Fay,1,w
Besir,1,m
Bina,1,w
Bhadri,1,m
Bine,1,w
Biagio,1,m
Bisan,1,w
Bilel,1,m
Bo,1,w
Bilge-Kaan,1,m
Braziliana,1,w
Binjamin,1,m
Britney,1,w
Biorn,1,m
Büsra,1,w
Birhat,1,m
Büşra,1,w
Birkan,1,m
Caitlin,1,w
Bischoff,1,m
Caja,1,w
Björn,1,m
Calina,1,w
Blend,1,m
Calixta,1,w
Boas,1,m
Camila,1,w
Bobby,1,m
Camilia,1,w
Bodo,1,m
Camilla,1,w
Bohdan,1,m
Canan,1,w
Bonya,1,m
Carl-Oscar,1,w
Borislav,1,m
Carlian,1,w
Boshidar,1,m
Carlien,1,w
Boubacar,1,m
Carlina,1,w
Bozhidar,1,m
Carmen,1,w
Brandon,1,m
Carol,1,w
Brayan,1,m
Carrie,1,w
Brixen,1,m
Cassandra,1,w
Bêjan,1,m
Cassia,1,w
Cagatay,1,m
Cattaleya,1,w
Caio,1,m
Caziya,1,w
Calogero,1,m
Celeste,1,w
Camilo,1,m
Celia,1,w
Carlo-Juliano,1,m
Celina,1,w
Carmelo,1,m
Cemile,1,w
Casian,1,m
Cennet,1,w
Castiel,1,m
Chahed,1,w
Cato,1,m
Chakavak,1,w
Cavi,1,m
Charline,1,w
Cebrail,1,m
Cherie,1,w
Cedric,1,m
Chiamaka,1,w
Ceger,1,m
Chloé,1,w
Cemal,1,m
Christelle,1,w
Cengiz,1,m
Christiana,1,w
Cenk,1,m
Chrystel,1,w
Cesur,1,m
Ciara,1,w
Cevad,1,m
Ciellè-Saliha,1,w
Ceyhan,1,m
Cilina,1,w
Charly,1,m
Ciyoma,1,w
Cheick,1,m
Claudia,1,w
Cherif,1,m
Clea,1,w
Chima,1,m
Clelia,1,w
Chirag,1,m
Clementine,1,w
Chris,1,m
Cosima,1,w
Christiano,1,m
Dala,1,w
Christo,1,m
Dali,1,w
Chronos,1,m
Daliah,1,w
Cian,1,m
Dalila,1,w
Cihan,1,m
Daly,1,w
Cihangir,1,m
Dalya,1,w
Cinar,1,m
Daniya,1,w
Claas,1,m
Danja,1,w
Clement,1,m
Daphné,1,w
Cole,1,m
Darin,1,w
Conner,1,m
Daristan,1,w
Conrad,1,m
Dariya,1,w
Cornelius,1,m
David,1,w
Cosmo,1,m
Dawina,1,w
Cristian,1,m
Debrena,1,w
Dagem,1,m
Defne-Gizem,1,w
Daghan,1,m
Delana,1,w
Daiyan,1,m
Delbar,1,w
Dalan,1,m
Delila,1,w
Damon,1,m
Delinya,1,w
Daniiel,1,m
Delisa,1,w
Daniil,1,m
Delveta,1,w
Danis,1,m
Demira,1,w
Daniyal,1,m
Denisa,1,w
Danny,1,m
Desirée,1,w
Danyel,1,m
Diara,1,w
Daram,1,m
Diba,1,w
Darijo,1,m
Dida,1,w
Dariusch,1,m
Dijana,1,w
Dariush,1,m
Dilan,1,w
Dariusz,1,m
Dilbar,1,w
Dariyan,1,m
Dilek,1,w
Darren,1,m
Dilpreet,1,w
Darvan,1,m
Dilruba,1,w
Darwan,1,m
Dione,1,w
Darwin,1,m
Dior,1,w
Daryl,1,m
Diora,1,w
Dastan,1,m
Divanka,1,w
Dauud,1,m
Divine,1,w
Davud,1,m
Divya,1,w
Dawid,1,m
Diyar,1,w
Dean,1,m
Djamila,1,w
Delano,1,m
Djoumana,1,w
Delayn,1,m
Doha,1,w
Deler,1,m
Doriana,1,w
Delhat,1,m
Dorothee,1,w
Delian,1,m
Doğanay,1,w
Delyar,1,m
Dzevrije,1,w
Demetrios,1,m
Dzhena,1,w
Demir,1,m
Dünya,1,w
Demis,1,m
Ebba,1,w
Denislav,1,m
Ecem,1,w
Denzel,1,m
Ecrin,1,w
Deran,1,m
Edanur,1,w
Derman,1,m
Edona,1,w
Dev,1,m
Efrat,1,w
Devid,1,m
Efrata,1,w
Deylon,1,m
Eftelya,1,w
Deyyan,1,m
Ejona,1,w
Dhruv,1,m
Ekaterini,1,w
Dieudonne,1,m
Elaina,1,w
Dima,1,m
Elana,1,w
Dinay,1,m
Elayna,1,w
Dindar,1,m
Eldana,1,w
Dinyar,1,m
Eldina,1,w
Dior,1,m
Eleen,1,w
Divan,1,m
Eleina,1,w
Diyan,1,m
Eleonore,1,w
Diyarcan,1,m
Eleyna,1,w
Dlaver,1,m
Elia,1,w
Dlhat,1,m
Elien,1,w
Domenic,1,m
Elifnaz,1,w
Domenik,1,m
Elifnisa,1,w
Dorian,1,m
Elifsu,1,w
Doron,1,m
Eline,1,w
Doruk,1,m
Elis,1,w
Drew,1,m
Elisavetha,1,w
Dustin,1,m
Elisia,1,w
Dwain,1,m
Elissavet,1,w
Dávid,1,m
Eliz-Alin,1,w
Dénil,1,m
Elizabet,1,w
Džan,1,m
Elizabetta,1,w
Eben,1,m
Elizaveta,1,w
Eddy,1,m
Ella-Marie,1,w
Edgar,1,m
Elleonora,1,w
Edoardo,1,m
Elliana,1,w
Edos,1,m
Ellina,1,w
Eduardo-Cristian,1,m
Elly,1,w
Efecan,1,m
Elma,1,w
Efehan,1,m
Elmedina,1,w
Egemen,1,m
Eloïse,1,w
Egor,1,m
Elvira,1,w
Ehtibar,1,m
Elya,1,w
Ekin,1,m
Elysée,1,w
Ekrem,1,m
Eléa,1,w
Elan,1,m
Ema,1,w
Eldad,1,m
Emelly,1,w
Eldar,1,m
Emely-Isabella,1,w
Eli,1,m
Emely-Jolie,1,w
Eliel,1,m
Emely-Klara,1,w
Elija,1,m
Emese,1,w
Elijas,1,m
Emike,1,w
Elion,1,m
Emiliy,1,w
Elisej,1,m
Emily-Sophie,1,w
Elizabeth,1,m
Emir,1,w
Elmar,1,m
Emissa,1,w
Elmedin,1,m
Emma-Luise,1,w
Elmin,1,m
Emmelie,1,w
Eloy,1,m
Emmie,1,w
Elvio,1,m
Emmy,1,w
Elyasa,1,m
Emnet,1,w
Emiel,1,m
Emy,1,w
Emilias,1,m
Enisa,1,w
Emilio-Emin,1,m
Enni,1,w
Endrit,1,m
Enora,1,w
Enea,1,m
Enuara,1,w
Eneo,1,m
Era,1,w
Enis,1,m
Eren,1,w
Ennio,1,m
Erika,1,w
Enrico,1,m
Erin,1,w
Enzi,1,m
Erina,1,w
Enzo,1,m
Erlisa,1,w
Eos,1,m
Ermia,1,w
Erdal,1,m
Ermira,1,w
Erdem,1,m
Erona,1,w
Eren,1,m
Eslem-Fatma,1,w
Erfan,1,m
Estelya,1,w
Erick,1,m
Eunice,1,w
Erim,1,m
Evi,1,w
Erin,1,m
Evla,1,w
Erion,1,m
Evîn,1,w
Erjan,1,m
Ewin,1,w
Erkan,1,m
Eyleen,1,w
Ernest,1,m
Eylül,1,w
Erol,1,m
Eysa,1,w
Ervin,1,m
Ezzah,1,w
Eryk,1,m
Faden,1,w
Evangelos,1,m
Fadime,1,w
Even,1,m
Fanny,1,w
Evgeni,1,m
Farina,1,w
Evin,1,m
Farnia,1,w
Eylül,1,m
Faroudja,1,w
Eyuel,1,m
Fateme,1,w
Eyup,1,m
Fati,1,w
Eyyub,1,m
Fatıma,1,w
Eyyüp,1,m
Fatou,1,w
Eyüb,1,m
Fatoumata,1,w
Eze-ego,1,m
Feena,1,w
Ešref,1,m
Fehima,1,w
Fabián,1,m
Felicity,1,w
Fadi,1,m
Felipa,1,w
Faik,1,m
Fentje,1,w
Fait,1,m
Fernanda,1,w
Fakri,1,m
Filia,1,w
Farboud,1,m
Filiz,1,w
Farhad,1,m
Filomena,1,w
Farid,1,m
Finnja,1,w
Farouk,1,m
Finya,1,w
Farshad,1,m
Firdaus,1,w
Farzad,1,m
Flavia,1,w
Fatmir,1,m
Florine,1,w
Federico,1,m
Flourish,1,w
Fedor,1,m
Franca,1,w
Fenno,1,m
Francisca,1,w
Ferheng,1,m
Franzi,1,w
Fidelio,1,m
Frederike,1,w
Fin,1,m
Freja,1,w
Finn-Elias,1,m
Frenja,1,w
Finnley,1,m
Freya,1,w
Fionn,1,m
Freyja,1,w
Floki,1,m
Gabriella,1,w
Florentin,1,m
Gabrielle,1,w
Florijan,1,m
Gea,1,w
Florin,1,m
Genan,1,w
Flynn,1,m
Genevieve,1,w
Fran,1,m
Georgia,1,w
Franco,1,m
Gergana,1,w
Franziskus,1,m
Gesa,1,w
Freddy,1,m
Ghazel,1,w
Frederick,1,m
Giehan,1,w
Freskim,1,m
Gioia,1,w
Frieder,1,m
Giorgia,1,w
Friedo,1,m
Gisela,1,w
Fynn-Taylor,1,m
Gisellè,1,w
Galiardo,1,m
Giuliana,1,w
Gani,1,m
Giuliana-Maria,1,w
Gaspard,1,m
Gizem,1,w
Gavin,1,m
Gouri,1,w
Georg,1,m
Grazia-Pia,1,w
Georgie,1,m
Grete,1,w
Gereon,1,m
Guadalupe,1,w
German,1,m
Gulistan,1,w
Gerrard,1,m
Gurleen,1,w
Gerrit,1,m
Gülnar,1,w
Gersi,1,m
Hadil,1,w
Gerwin,1,m
Hadizha,1,w
Gesuè,1,m
Hadja,1,w
Gianluigi,1,m
Hadya,1,w
Giano,1,m
Hafiza,1,w
Gino,1,m
Hafsa,1,w
Gioacchino,1,m
Hafsa-Merve,1,w
Gioachino,1,m
Halbast,1,w
Gionata,1,m
Haley,1,w
Giorgio,1,m
Halina,1,w
Giulian,1,m
Halyn,1,w
Giulio,1,m
Hanaa,1,w
Gleb,1,m
Hanalei,1,w
Glen,1,m
Hanan,1,w
Glenn,1,m
Hania,1,w
Godstime,1,m
Hanin,1,w
Godwin,1,m
Hanni,1,w
Gonzalo,1,m
Hargunpreet,1,w
Gregory,1,m
Harleen,1,w
Grégoire,1,m
Harriet,1,w
Gökay,1,m
Hasnaa,1,w
Görkem,1,m
Hasret,1,w
Gündüzkaan,1,m
Hatiče-Melek,1,w
Güneycan,1,m
Havva,1,w
Güven,1,m
Hayal,1,w
Haeum,1,m
Hayet,1,w
Haider,1,m
Hayley-Jade,1,w
Hakan,1,m
Haylie,1,w
Haki,1,m
Heavenly,1,w
Halit,1,m
Heba,1,w
Halit-Kemal,1,m
Hedy,1,w
Hamish,1,m
Heide,1,w
Hamit,1,m
Heidi,1,w
Hamsa,1,m
Helan,1,w
Hamze,1,m
Heleni,1,w
Hanaan,1,m
Helina,1,w
Hanjo,1,m
Hella,1,w
Hanon,1,m
Helvin,1,w
Hardy,1,m
Helèna,1,w
Haris,1,m
Hena,1,w
Harman,1,m
Hennaya,1,w
Hasnain,1,m
Herjin,1,w
Hassib,1,m
Hevi,1,w
Hatem,1,m
Hevin,1,w
Haydar,1,m
Hezal,1,w
Haytham,1,m
Hidaya,1,w
Heaven,1,m
Hifa,1,w
Hedi,1,m
Hifanur,1,w
Heiner,1,m
Hilary,1,w
Helgi,1,m
Hilla,1,w
Helmut,1,m
Hilma,1,w
Hendrix,1,m
Hira-Necibe,1,w
Henrick,1,m
Hiranur,1,w
Henricus,1,m
Hiranur-Hayriye,1,w
Herkus,1,m
Hirut,1,w
Hermes,1,m
Hitap,1,w
Hescham,1,m
Hivdanur,1,w
Hewend,1,m
Hiyabel,1,w
Hewi,1,m
Huraa,1,w
Hewidar,1,m
Hümaşah,1,w
Heyi,1,m
Hüsna,1,w
Hicham,1,m
Ida-Eleni,1,w
Hildan,1,m
Ida-Mey,1,w
Hiten,1,m
Iga,1,w
Hongxi,1,m
İkra-Sultan,1,w
Horatio,1,m
Ilana,1,w
Hugo-Ferdinand,1,m
Ilari,1,w
Humam,1,m
Ilay,1,w
Hussein,1,m
Ilayda,1,w
Huzeyfe,1,m
Ilayda-Emine,1,w
Iain,1,m
Ilea,1,w
Idris,1,m
Iliana,1,w
Ignac,1,m
Ilina,1,w
Ihsaan,1,m
Ilirijana,1,w
Ijaz,1,m
Ilona,1,w
Ikemefuna,1,m
Ilse,1,w
Ilan,1,m
İlsu,1,w
Ilham,1,m
Ilva,1,w
Ilias-Mounir,1,m
Ilvi,1,w
İlkay,1,m
Inass,1,w
Illias,1,m
Inayah,1,w
Ilyas-Karim,1,m
İnci,1,w
Iman,1,m
Indira,1,w
Immanuel,1,m
Ine,1,w
Immer,1,m
Inge,1,w
Immo,1,m
Inna,1,w
Inti,1,m
Inçi,1,w
Ioan,1,m
Inès,1,w
Ion,1,m
İpek,1,w
Ionas,1,m
Ira,1,w
Ira,1,m
Irena,1,w
Iraklis,1,m
Irmak,1,w
Isa,1,m
Isabella-Sophie,1,w
Isaiah,1,m
Isla,1,w
Ishaan,1,m
İsminaz,1,w
İsmail,1,m
Ivanina,1,w
Ismet,1,m
Jade,1,w
İsrafil,1,m
Jahmila,1,w
Issa,1,m
Jale,1,w
Itan,1,m
Jalyna-Alicja,1,w
Ivailo,1,m
Janaa,1,w
Ivano,1,m
Janelle,1,w
Iwo,1,m
Janet,1,w
Iyan,1,m
Jania,1,w
Iylan,1,m
Janina,1,w
Işıkhan,1,m
Janka,1,w
Jaad,1,m
Jara,1,w
Jaber,1,m
Jazleen,1,w
Jack-Sullivan,1,m
Jeanetta,1,w
Jacopo,1,m
Jeannice,1,w
Jacub,1,m
Jeelste,1,w
Jad,1,m
Jehan,1,w
Jade,1,m
Jela,1,w
Jadiel,1,m
Jenna,1,w
Jai,1,m
Jenniffer,1,w
Jake,1,m
Jesnel,1,w
Jamilo-Milano,1,m
Jetessa,1,w
Jan-Julian,1,m
Jhanvi,1,w
Janis,1,m
Jilan,1,w
Jannah,1,m
Jiuqi,1,w
Jannek,1,m
Joana,1,w
Jannick,1,m
Joebetshlyn,1,w
Janto,1,m
Jolanda,1,w
Janus,1,m
Jolene,1,w
Jarno,1,m
Jolie,1,w
Jaser,1,m
Jomana,1,w
Jasha,1,m
Jordis,1,w
Jasin,1,m
Josefa,1,w
Jato,1,m
Josefina,1,w
Jay,1,m
Josephina,1,w
Jayden-Shane,1,m
Josie,1,w
Jaydon,1,m
Josie-Katelyn,1,w
Jayson,1,m
Joséphine,1,w
Jean,1,m
Joudi,1,w
Jean-Lioner,1,m
Joulina,1,w
Jed,1,m
Joy,1,w
Jelal,1,m
Joyce,1,w
Jellle,1,m
Judy,1,w
Jens,1,m
Juha,1,w
Jermain,1,m
Julian,1,w
Jero,1,m
Juliane,1,w
Jeronimo,1,m
Julika,1,w
Jesko,1,m
Juline,1,w
Jesper,1,m
July,1,w
Jess,1,m
Jumana,1,w
Jiayue,1,m
Junia,1,w
Jibrail,1,m
Juno,1,w
Jifara,1,m
Jutta,1,w
Jiuar,1,m
Juvana,1,w
Joe,1,m
Kader,1,w
Joel-Bado,1,m
Kadijat,1,w
Johanns,1,m
Kamilla,1,w
Jonahh,1,m
Kanta,1,w
Jonart,1,m
Karalina,1,w
Jonatan,1,m
Karolin,1,w
Jonathan-Edward,1,m
Karthikaya,1,w
Jone,1,m
Katarina,1,w
Joni,1,m
Kate,1,w
Jood,1,m
Katerina,1,w
Joost,1,m
Katherine,1,w
Joran,1,m
Kathrin,1,w
Jorge,1,m
Katica,1,w
Jos,1,m
Katie,1,w
Josch,1,m
Katinka,1,w
Joschua,1,m
Katja,1,w
Josh,1,m
Katrine,1,w
Jost,1,m
Kawtar,1,w
Josué,1,m
Kellie,1,w
Joud,1,m
Kelsi,1,w
Joël,1,m
Kelycia,1,w
Juan,1,m
Kendel,1,w
Jubin,1,m
Keslin,1,w
Jules,1,m
Keti,1,w
Juluis,1,m
Ketsia,1,w
Junus,1,m
Keyla-Sherin,1,w
Juriaan,1,m
Kezia,1,w
Jurij,1,m
Kheira,1,w
Juris,1,m
Khuslen,1,w
Jusef,1,m
Kimberley,1,w
Jón,1,m
Kimberly,1,w
Kadem,1,m
Kimiya,1,w
Kais,1,m
Kinza,1,w
Kajetan,1,m
Klea,1,w
Kallias,1,m
Kornelia,1,w
Kamil,1,m
Kostana,1,w
Kamran,1,m
Kria,1,w
Karan,1,m
Kristin,1,w
Karisan,1,m
Kristine,1,w
Karl-Theodor,1,m
Krystal,1,w
Karlson,1,m
Ksenia,1,w
Karlsson,1,m
Kulthum,1,w
Kasem,1,m
Kumsal,1,w
Kasimir,1,m
Käthe,1,w
Kaspar,1,m
Laetitia,1,w
Kaspian,1,m
Laja,1,w
Katip,1,m
Lamar,1,w
Kaya,1,m
Lamija,1,w
Kayl,1,m
Lamiya,1,w
Kayra,1,m
Lamya,1,w
Keiran,1,m
Lana-Marie,1,w
Keke,1,m
Lani,1,w
Ken,1,m
Lanika,1,w
Kerem-Kaan,1,m
Lanwe,1,w
Keremcan,1,m
Larah,1,w
Kevin-Nicolas,1,m
Laria,1,w
Keyhan,1,m
Larina,1,w
Khepry,1,m
Laura-Marie,1,w
Kheynoéh,1,m
Lava,1,w
Kiaan,1,m
Lavinea,1,w
Kianu,1,m
Lavinia,1,w
Kimon,1,m
Lawa,1,w
Kinan,1,m
Lawin,1,w
Kirian,1,m
Leah-Emilia,1,w
Kirubel,1,m
Leanora,1,w
Kıyan,1,m
Learta,1,w
Kiyan-Veli,1,m
Lediona,1,w
Kjell,1,m
Leea,1,w
Klaas,1,m
Leia,1,w
Kleidis,1,m
Leilani,1,w
Klevin,1,m
Lelia,1,w
Klodian,1,m
Lena-Sofie,1,w
Korbinian,1,m
Leni-Marleen,1,w
Kossi,1,m
Lenina,1,w
Kosuke,1,m
Lenna,1,w
Kousay,1,m
Lennar,1,w
Krasimir,1,m
Lennja,1,w
Kristiyan,1,m
Leonor,1,w
Kristóf,1,m
Leonore,1,w
Krysztof,1,m
Leora,1,w
Kubrat,1,m
Leyan,1,w
Kuno,1,m
Leyya,1,w
Kuzej,1,m
Lia-Amalia,1,w
Kyle,1,m
Lia-Marleen,1,w
Kylian,1,m
Lia-Sophie,1,w
Kürşat,1,m
Liah-Jouline,1,w
Laith,1,m
Liah-Sophie,1,w
Lajos,1,m
Lian,1,w
Lakan,1,m
Lianna,1,w
Lali,1,m
Lidya,1,w
Lambert,1,m
Lielet,1,w
Lamine,1,m
Liesel,1,w
Lara,1,m
Lijeta,1,w
Lauan,1,m
Lilas,1,w
Laurent,1,m
Lilian,1,w
Lauri,1,m
Liliana-Milia,1,w
Lauro,1,m
Lilit,1,w
Lavand,1,m
Lilja,1,w
Lavin,1,m
Lilla,1,w
Lawe,1,m
Lilli-Marleen,1,w
Ledian,1,m
Lillianne,1,w
Ledion,1,m
Lillie,1,w
Lemar,1,m
Lillit,1,w
Lenard,1,m
Lilly-Marie,1,w
Lennaro,1,m
Lilo,1,w
Lenni,1,m
Lilya,1,w
Lennox-Alexander,1,m
Lilyana,1,w
Leno,1,m
Lina-Marie,1,w
Leon-Noel,1,m
Linas,1,w
Leron,1,m
Linde,1,w
Leroy,1,m
Lioba,1,w
Leutrim,1,m
Liona,1,w
Levente,1,m
Lis,1,w
Levio,1,m
Lisabet,1,w
Lewa,1,m
Lisanne,1,w
Lewis,1,m
Lise,1,w
Leyth,1,m
Lisette,1,w
Leó,1,m
Lissa,1,w
Liam-Ara,1,m
Litó,1,w
Liard,1,m
Liyah,1,w
Lijon,1,m
Liyat,1,w
Lirim,1,m
Liza,1,w
Liyan,1,m
Lizda,1,w
Liêm,1,m
Lizz,1,w
Loan,1,m
Ljiljana,1,w
Loliyan,1,m
Loaven,1,w
Lomeo,1,m
Lolle,1,w
Loqman,1,m
Lonia,1,w
Loris,1,m
Lore,1,w
Louan,1,m
Lorea,1,w
Louay,1,m
Loreena,1,w
Louie,1,m
Lorelly-Irya,1,w
Louiz,1,m
Lori,1,w
Lovan,1,m
Lotte-Fenja,1,w
Lovell,1,m
Louisa-Marie,1,w
Lovepreet,1,m
Luca,1,w
Luca-Joel,1,m
Lucca,1,w
Lucas-Giuliano,1,m
Lucienne,1,w
Lucian,1,m
Lucinda,1,w
Luiz,1,m
Lucía,1,w
Lukas-Tim,1,m
Ludmilla,1,w
Lumen,1,m
Luka,1,w
Luuan,1,m
Lulya,1,w
Lyston,1,m
Luna-Maria,1,w
Léon,1,m
Lunja,1,w
Lükko,1,m
Lusia,1,w
Maad,1,m
Lyana,1,w
Maceo,1,m
Lydia,1,w
Mahan,1,m
Lynett,1,w
Mahyar,1,m
Lyvia,1,w
Maik,1,m
Maahi,1,w
Maikel,1,m
Maarja,1,w
Maiko,1,m
Madison,1,w
Majd,1,m
Madleen,1,w
Majidallah,1,m
Madleina,1,w
Maksim,1,m
Madlen,1,w
Maksymilian,1,m
Madlin,1,w
Malik-Lionel,1,m
Mado,1,w
Malio,1,m
Madonna,1,w
Malkhas,1,m
Mae,1,w
Malo,1,m
Magbula,1,w
Malou,1,m
Magdalena,1,w
Mamady,1,m
Maggie,1,w
Manabu,1,m
Mahya,1,w
Manan,1,m
Mai,1,w
Manesht,1,m
Maike,1,w
Mani,1,m
Mailin,1,w
Manoah,1,m
Mairi,1,w
Manol,1,m
Maj,1,w
Manolo,1,m
Majesty,1,w
Mansa,1,m
Majide-Nur,1,w
Marat,1,m
Malee,1,w
Marcelo,1,m
Malekah,1,w
Marcus,1,m
Malena,1,w
Mardin,1,m
Malia-Nora,1,w
Marek,1,m
Malisha,1,w
Mariam,1,m
Maliya,1,w
Mariano,1,m
Malou-Noemi,1,w
Marijan,1,m
Malu,1,w
Marijano,1,m
Malvin,1,w
Marin,1,m
Malvina,1,w
Maris,1,m
Mana,1,w
Marius,1,m
Manahil,1,w
Marko,1,m
Mane,1,w
Markon,1,m
Maneli,1,w
Marley,1,m
Marah,1,w
Maro,1,m
Maranata,1,w
Marosch,1,m
Maraya,1,w
Marsel,1,m
Marcelina,1,w
Martino,1,m
Mardjane,1,w
Marvelous,1,m
Mareli,1,w
Marwin,1,m
Maren,1,w
Masar,1,m
Maresa,1,w
Masio,1,m
Margaret,1,w
Mason,1,m
Margareta,1,w
Masoud,1,m
Margarete,1,w
Massimo,1,m
Margarita,1,w
Matej,1,m
Maria-Roberta,1,w
Mateusz,1,m
Marie-Betsalel,1,w
Mathéo,1,m
Marie-Christin,1,w
Matija,1,m
Marie-Lizou,1,w
Matilda,1,m
Mariel,1,w
Matin,1,m
Mariele,1,w
Mattheo,1,m
Marielle,1,w
Mattia,1,m
Mariem,1,w
Matvey,1,m
Marija,1,w
Matwej,1,m
Marileen,1,w
Matze,1,m
Marita,1,w
Maurizio,1,m
Marlen,1,w
Max-Elias,1,m
Marlien,1,w
Maximus,1,m
Marlies,1,w
Maylon,1,m
Marline,1,w
Mayson,1,m
Marlis,1,w
Medin,1,m
Mary,1,w
Mehdi,1,m
Marya,1,w
Mehran,1,m
Maryem,1,w
Mehrsam,1,m
Marysol,1,w
Menil,1,m
María,1,w
Mensi,1,m
Masa,1,w
Merin,1,m
Mascha,1,w
Merlin,1,m
Matea,1,w
Mestan,1,m
Mathild,1,w
Mete-Ali,1,m
Matylda,1,w
Mevlan,1,m
Mavis,1,w
Mian,1,m
Maxie,1,w
Mica,1,m
Maxime,1,w
Micah,1,m
Maxina,1,w
Michail,1,m
Maxine,1,w
Michelangelo,1,m
Maya-Ida,1,w
Mick,1,m
Mayalina,1,w
Mickael,1,m
Mayari,1,w
Mijo,1,m
Mayleen,1,w
Mik,1,m
Mayra,1,w
Mikailali,1,m
Mayven,1,w
Mikel,1,m
Maëlle,1,w
Mikis,1,m
Maíra,1,w
Miklas,1,m
Meggy,1,w
Milas,1,m
Mehtap,1,w
Miles,1,m
Meike,1,w
Miljan,1,m
Meili,1,w
Milo-Eliano,1,m
Meissa,1,w
Milos,1,m
Mejra,1,w
Miloš,1,m
Melahat,1,w
Minh,1,m
Meletia,1,w
Mino,1,m
Melidia,1,w
Mirat,1,m
Melija,1,w
Miray,1,m
Melin,1,w
Mirco,1,m
Melina-Alessia,1,w
Mirhat,1,m
Melodie,1,w
Mirkhan,1,m
Melody-Sophie,1,w
Misael,1,m
Merdina,1,w
Misbah-Hasaanul,1,m
Merie-Ann,1,w
Misha,1,m
Meriem,1,w
Mithran,1,m
Merva,1,w
Mitja,1,m
Meryam,1,w
Mizgin,1,m
Mesgana,1,w
Moayed,1,m
Meta,1,w
Moe,1,m
Meyla,1,w
Mohamad,1,m
Mi-Hwan,1,w
Mohammed-Amin,1,m
Mia-Jolin,1,w
Mohmed,1,m
Mia-Leni,1,w
Mohssen,1,m
Mia-Lotta,1,w
Morad,1,m
Micela,1,w
Moreno,1,m
Midina,1,w
Mosse,1,m
Mihrinur,1,w
Mounir,1,m
Mika,1,w
Mughees,1,m
Mila-Jasemin,1,w
Muhamad,1,m
Mila-Sophie,1,w
Muhammed-Emin,1,m
Milan,1,w
Munir,1,m
Milanea,1,w
Muris,1,m
Milea,1,w
Muscab,1,m
Milia,1,w
Musstafa,1,m
Milika,1,w
Mximilian,1,m
Milina,1,w
Mátyás,1,m
Millie,1,w
Máté,1,m
Minh,1,w
Mîran,1,m
Minna,1,w
Nadia,1,m
Minou,1,w
Naher,1,m
Mirabel,1,w
Nahom,1,m
Mirana,1,w
Nahuel,1,m
Miraç,1,w
Nahveen,1,m
Mirha,1,w
Naim,1,m
Mirija,1,w
Nalu,1,m
Mirijem,1,w
Nami,1,m
Mirjana,1,w
Namo,1,m
Mirna,1,w
Naser,1,m
Mirra,1,w
Nasser,1,m
Miya,1,w
Nassim,1,m
Mofeyintoluwa,1,w
Nathaniel,1,m
Monia,1,w
Nathen,1,m
Monika,1,w
Nauél,1,m
Mora,1,w
Naveen,1,m
Morena,1,w
Navid,1,m
Moyi,1,w
Nazareno,1,m
Mozhde,1,w
Nazif,1,m
Mukanya,1,w
Nebi,1,m
Muna,1,w
Necmeddin,1,m
Munira,1,w
Nehemiah,1,m
Muslima,1,w
Nelo,1,m
Myline,1,w
Neno,1,m
Myna,1,w
Nepomuk,1,m
Mónica,1,w
Nero,1,m
Nadhifa,1,w
Nessim,1,m
Nadin,1,w
Neymar,1,m
Nadira,1,w
Ngọc,1,m
Nadya,1,w
Niar,1,m
Nafisa,1,w
Nicholas,1,m
Nagma,1,w
Nicklas,1,m
Naima,1,w
Nicola,1,m
Naja,1,w
Nicolás,1,m
Nandinzaya,1,w
Nicolò,1,m
Naomy,1,w
Nihad,1,m
Nargiz,1,w
Niilo,1,m
Nassima,1,w
Nik,1,m
Nassira,1,w
Nika,1,m
Natali,1,w
Nikas,1,m
Natalia,1,w
Niklaas,1,m
Nathalie,1,w
Nikolai,1,m
Nava,1,w
Nikolaie,1,m
Nazrin,1,w
Nikolaj,1,m
Naëlle,1,w
Nikolaos,1,m
Nedime,1,w
Nikolas,1,m
Neea,1,w
Nikos,1,m
Nefeli,1,w
Nilas,1,m
Neha,1,w
Nilo,1,m
Nelli,1,w
Nino,1,m
Nellissa,1,w
Ninos,1,m
Nenna,1,w
Niyazi,1,m
Nesibe,1,w
Noah-Joel,1,m
Nesrin,1,w
Nobel,1,m
Neva,1,w
Noh,1,m
Nevin,1,w
Nouel,1,m
Nevra,1,w
Nouh,1,m
Neyli,1,w
Noyan,1,m
Nieke,1,w
Nurican,1,m
Nienke,1,w
Octavian,1,m
Nihal,1,w
Oguzhan,1,m
Niki,1,w
Oisín,1,m
Nikol,1,w
Om,1,m
Nikolina,1,w
Omid,1,m
Nila-Soleil,1,w
Orestis,1,m
Nilay,1,w
Orges,1,m
Nilaya,1,w
Osasere,1,m
Nireti,1,w
Osaugwe,1,m
Nisanur,1,w
Othman,1,m
Nitya,1,w
Ouassim,1,m
Niyan,1,w
Ove,1,m
Njinga,1,w
Owen,1,m
Noahrina,1,w
Oğulcan,1,m
Noara,1,w
Oğuzhan,1,m
Noela,1,w
Paco,1,m
Nola,1,w
Paimaan,1,m
Noura,1,w
Panagiotis,1,m
Nouria,1,w
Paolo,1,m
Nousaiba,1,w
Patrizio,1,m
Nozhan,1,w
Pau,1,m
Noée,1,w
Paulo,1,m
Noël,1,w
Paveen,1,m
Nuda,1,w
Pavel,1,m
Nujin,1,w
Pedro,1,m
Nupal,1,w
Pelin,1,m
Nurcan,1,w
Pepé,1,m
Nurhana,1,w
Peter-Matthias,1,m
Nushan,1,w
Pethi,1,m
Nussayba,1,w
Phelps,1,m
Nóra,1,w
Phoenix,1,m
Obehi,1,w
Pieter,1,m
Odosa,1,w
Pietro,1,m
Oluwatomisin,1,w
Pontus,1,m
Omaja,1,w
Poyraz,1,m
Oona,1,w
Presley,1,m
Oriana,1,w
Prince-Elieston,1,m
Orie,1,w
Putu,1,m
Oscar,1,w
Qidong,1,m
Oskar,1,w
Rael,1,m
Oualae,1,w
Ragib,1,m
Oumou,1,w
Ragnar,1,m
Oya,1,w
Rahmanullah,1,m
Paloma,1,w
Rakan,1,m
Panagiota,1,w
Ramzi,1,m
Panisa,1,w
Raphaël,1,m
Paniz,1,w
Rares,1,m
Panthea,1,w
Rareș-Alexandru,1,m
Paraskeva,1,w
Rashid,1,m
Paris,1,w
Rasmus,1,m
Parishay,1,w
Raund,1,m
Parmida,1,w
Raymarley,1,m
Patricia,1,w
Raymond,1,m
Payton,1,w
Rayyan,1,m
Peia,1,w
Raúl,1,m
Pela,1,w
Rdwan,1,m
Pembe,1,w
Reik,1,m
Penelope,1,w
Rejhan,1,m
Perla,1,w
Rekewt,1,m
Petra,1,w
Remiah,1,m
Pheliz,1,w
Renas,1,m
Philine,1,w
Renato,1,m
Philomene,1,w
Rene,1,m
Pich,1,w
Renis,1,m
Polli,1,w
René,1,m
Precious,1,w
Reto,1,m
Princesha,1,w
Rezvan,1,m
Prințesa,1,w
Ricardo,1,m
Purity,1,w
Riccardo,1,m
Quỳnh,1,w
Rinor,1,m
Rabea,1,w
Rio,1,m
Rada,1,w
Riyad,1,m
Raffaela,1,w
Road,1,m
Rafif,1,w
Roderick,1,m
Ragna,1,w
Rodin,1,m
Rahima,1,w
Rodion,1,m
Rahime,1,w
Rohab,1,m
Rahma,1,w
Roham,1,m
Raihana,1,w
Ron,1,m
Rama,1,w
Rony,1,m
Ramiza,1,w
Rouven,1,m
Ramona,1,w
Rubén,1,m
Randa,1,w
Rudi,1,m
Ranya,1,w
Rufus,1,m
Rawda,1,w
Ruzholi,1,m
Rayhan,1,w
Rylee,1,m
Rayé,1,w
Ryoto,1,m
Razal,1,w
Rüzgar,1,m
Razia,1,w
Saed,1,m
Rebeca,1,w
Safak,1,m
Rebecca-Manelle,1,w
Safe,1,m
Rebeka,1,w
Saim,1,m
Rebekka,1,w
Saint,1,m
Regina,1,w
Saip,1,m
Reina,1,w
Salem,1,m
Remas,1,w
Salwan,1,m
Remzije,1,w
Samar,1,m
Rena,1,w
Samet,1,m
Renad,1,w
Samih,1,m
Renel,1,w
Samiir,1,m
Retag,1,w
Samu,1,m
Reyhan,1,w
Samuele,1,m
Riccia,1,w
Samuél,1,m
Richemelle,1,w
Samwel,1,m
Riean,1,w
Samyar,1,m
Rike,1,w
San,1,m
Rima,1,w
Sanan,1,m
Rina,1,w
Sangar,1,m
Rinesa,1,w
Sanger,1,m
Rita,1,w
Santana,1,m
Rital,1,w
Santiago,1,m
Rittal,1,w
Santiano,1,m
Riya,1,w
Santo,1,m
Riyana,1,w
Santosh,1,m
Roaa,1,w
Sava,1,m
Roha,1,w
Savin,1,m
Rojin,1,w
Savio,1,m
Ronahi,1,w
Sayed,1,m
Ronda,1,w
Saymon,1,m
Ronia,1,w
Saïdou,1,m
Ronja-Joulin,1,w
Schekry,1,m
Ronya,1,w
Scott,1,m
Ros,1,w
Se-Hwan,1,m
Rosabella,1,w
Sedat,1,m
Rosalita,1,w
Sefa,1,m
Rosemieke,1,w
Seif,1,m
Rosi,1,w
Semin,1,m
Rosie-Ange,1,w
Semir,1,m
Rosita,1,w
Senar,1,m
Rossel,1,w
Senci,1,m
Roukaya,1,w
Seraphin,1,m
Rubie,1,w
Serdal,1,m
Rubina,1,w
Serdem,1,m
Rufta,1,w
Serge,1,m
Rufuta,1,w
Sergej,1,m
Rui-Ze,1,w
Serhat,1,m
Rukiya,1,w
Seruk,1,m
Rumeisa,1,w
Serwan,1,m
Ruqayyah,1,w
Serwer,1,m
Rushi,1,w
Sever,1,m
Rylie,1,w
Seydi,1,m
Rümeysa,1,w
Seymen,1,m
Saadet,1,w
Seyyid-Ali,1,m
Sabiha,1,w
Sezai,1,m
Sabina,1,w
Sezar,1,m
Sabrin,1,w
Shamash,1,m
Sabrina,1,w
Shandon,1,m
Sacharja,1,w
Sharan,1,m
Sadije,1,w
Sharvil,1,m
Sadmira,1,w
Shaurya,1,m
Safah,1,w
Shaya,1,m
Safiatou,1,w
Sheer,1,m
Safija,1,w
Shehryar,1,m
Safijat,1,w
Shivansh,1,m
Saher,1,w
Siam,1,m
Sahra,1,w
Sidad,1,m
Saida,1,w
Sidar,1,m
Sainab,1,w
Siddharth,1,m
Saira,1,w
Siem,1,m
Saja,1,w
Sien,1,m
Salam,1,w
Sila,1,m
Salimata,1,w
Sina,1,m
Salli,1,w
Sirac,1,m
Sally,1,w
Siratt,1,m
Salome,1,w
Siseko,1,m
Salsabeel,1,w
Skylar,1,m
Salwa,1,w
Snowssi,1,m
Saly,1,w
Sobhan,1,m
Samaira,1,w
Sohrab,1,m
Samar,1,w
Solomon,1,m
Samra,1,w
Soner,1,m
Samrawit,1,w
Song,1,m
Sana,1,w
Sonny,1,m
Sandra,1,w
Sony,1,m
Sanija,1,w
Soulayman,1,m
Sanjana,1,w
Souren,1,m
Sanna,1,w
Spencer,1,m
Santa,1,w
Stalone,1,m
Saphira,1,w
Stanisław,1,m
Sarat,1,w
Steeven,1,m
Saray,1,w
Stefano,1,m
Sarra,1,w
Stevan,1,m
Sarrah,1,w
Steven,1,m
Sasha,1,w
Stivan,1,m
Savia,1,w
Subhan,1,m
Sayma,1,w
Subhanallah,1,m
Sayra,1,w
Sufyan,1,m
Schifa,1,w
Suhaib,1,m
Seadet,1,w
Suhail,1,m
Seba,1,w
Suhrob,1,m
Sedef,1,w
Sulaiman,1,m
Sejdina,1,w
Sunay,1,m
Sela,1,w
Sunny,1,m
Selen,1,w
Svetloslav,1,m
Selena,1,w
Svetoslav,1,m
Sella,1,w
Svetozar,1,m
Selmedina,1,w
Symon,1,m
Sema,1,w
Syon,1,m
Semira,1,w
Sâmi,1,m
Senta,1,w
Sükrü,1,m
Senudhi,1,w
Taim,1,m
Sera,1,w
Taio,1,m
Serifa,1,w
Tamiem,1,m
Serin,1,w
Tamino,1,m
Serpil,1,w
Tamjeed,1,m
Setayesh,1,w
Taner,1,m
Sevdie,1,w
Tarek,1,m
Sevgi,1,w
Tareq,1,m
Seylyan,1,w
Tarik,1,m
Shaam,1,w
Tarık,1,m
Shahd,1,w
Tassili,1,m
Shaina,1,w
Tavi,1,m
Sham,1,w
Taygan,1,m
Shamanta,1,w
Tayhan,1,m
Shammah,1,w
Taylor,1,m
Shanaia,1,w
Teghvir,1,m
Shanaja,1,w
Teim,1,m
Shania,1,w
Temitayo,1,m
Shanty,1,w
Teoman,1,m
Shantyana,1,w
Terence,1,m
Sharia,1,w
Teshi,1,m
Shayleen,1,w
Teó,1,m
Shelby,1,w
Theodoros,1,m
Shewin,1,w
Theopil,1,m
Sheyma,1,w
Thien,1,m
Shirley,1,w
Thies,1,m
Shunem,1,w
Thijmen,1,m
Sia,1,w
Tian,1,m
Siba,1,w
Tibor,1,m
Sibel,1,w
Tillmann,1,m
Sıdal,1,w
Tito,1,m
Silan,1,w
Tiyam,1,m
Silas,1,w
Tmim,1,m
Silen,1,w
Toby,1,m
Silina,1,w
Tom-Levi,1,m
Siloah,1,w
Tomasz,1,m
Silvana,1,w
Tomás,1,m
Silvin,1,w
Tonius,1,m
Sinat,1,w
Tonny,1,m
Sirin,1,w
Torben,1,m
Sirina,1,w
Tore,1,m
Sivana,1,w
Tristan,1,m
Skyler,1,w
Tugrul,1,m
Slava,1,w
Tuna,1,m
Slawa,1,w
Tunay,1,m
Soe,1,w
Tuncay,1,m
Sofia-Maria,1,w
Turan,1,m
Sofía,1,w
Turkijan,1,m
Sojoud,1,w
Tuğra,1,m
Solena,1,w
Ty,1,m
Solin,1,w
Tyron,1,m
Solome,1,w
Türkan,1,m
Sonas,1,w
Türkeş,1,m
Sonia,1,w
Umar,1,m
Sonya,1,w
Uraz,1,m
Sophia-Elisabeth,1,w
Uriel,1,m
Sophie-Joy,1,w
Uygar,1,m
Soukaina,1,w
Uzay,1,m
Soumeya,1,w
Vaitsis,1,m
Soé,1,w
Valerian,1,m
Stefania,1,w
Vardaan,1,m
Stefania-Andreia,1,w
Vasco,1,m
Stefanie,1,w
Vasilios,1,m
Stera,1,w
Veit,1,m
Stina,1,w
Velat,1,m
Stine,1,w
Velimir,1,m
Subaya,1,w
Vesilije,1,m
Sude,1,w
Veyron,1,m
Sudenaz,1,w
Vico,1,m
Suela,1,w
Viggo,1,m
Sumayya,1,w
Vijesh,1,m
Suna,1,w
Vincent-Samuel,1,m
Sura,1,w
Vinicius,1,m
Suri,1,w
Vinzent,1,m
Susann,1,w
Vinícius,1,m
Susanna,1,w
Vukan,1,m
Suvi,1,w
Wares,1,m
Suzy,1,w
Wil,1,m
Sveja,1,w
Wim,1,m
Svenja,1,w
Wolf,1,m
Sydney,1,w
Xaver,1,m
Sârâ,1,w
Xuxi,1,m
Süheyla,1,w
Yagub,1,m
Sümeyye,1,w
Yalçın,1,m
Süveybe,1,w
Yaman,1,m
Taisia,1,w
Yamin,1,m
Talea,1,w
Yanis,1,m
Talina,1,w
Yann,1,m
Taliyah,1,w
Yaser,1,m
Tami,1,w
Yashar,1,m
Tamia,1,w
Yasın,1,m
Tamika,1,w
Yasir,1,m
Tamina,1,w
Yassen,1,m
Tamira,1,w
Yassine,1,m
Tandi,1,w
Yassir,1,m
Tanisha,1,w
Yazan,1,m
Tanya,1,w
Yazn,1,m
Taraneh,1,w
Yağız,1,m
Tatjana,1,w
Yeysel,1,m
Teodora,1,w
Yilmark,1,m
Teresa,1,w
Yiwei,1,m
Thala,1,w
Ylaisha,1,m
Thalia,1,w
Ylan,1,m
Theda,1,w
Yoav,1,m
Theodora,1,w
Yonatan,1,m
Therese,1,w
Yones,1,m
Thilda,1,w
Youhao,1,m
Tia,1,w
Yousef,1,m
Tiffany,1,w
Yousif,1,m
Tika,1,w
Youssof,1,m
Tilli,1,w
Yu,1,m
Tina,1,w
Yujiro,1,m
Tita,1,w
Yul,1,m
Tori,1,w
Yuma,1,m
Tracy,1,w
Yunusali-Nebi,1,m
Troja,1,w
Yusef,1,m
Tuğra,1,w
Yussef,1,m
Tuğçe,1,w
Yussuf,1,m
Türkan,1,w
Yusuf-Semi,1,m
Umut,1,w
Yusufcem,1,m
Unik,1,w
Yvo,1,m
Uriel,1,w
Zaid,1,m
Ursula,1,w
Zain,1,m
Vaiana,1,w
Zaland,1,m
Vaiola,1,w
Zana,1,m
Valea,1,w
Zayn,1,m
Valyn,1,w
Zeeshan,1,m
Vania,1,w
Zendel,1,m
Vanya,1,w
Zeravan,1,m
Varnikha,1,w
Zewei,1,m
Vejin,1,w
Zeyan,1,m
Velenora,1,w
Zhaoyang,1,m
Venecia,1,w
Zhenbang,1,m
Venezia,1,w
Zhenhao,1,m
Vera,1,w
Zhilin,1,m
Verena,1,w
Zimon,1,m
Verona,1,w
Zinar,1,m
Veselina,1,w
Zion,1,m
Victory,1,w
Zoran,1,m
Vida,1,w
Zuyan,1,m
Videl,1,w
Zülfü,1,m
Vildan,1,w
Çamer,1,m
Vilma,1,w
Çağatay,1,m
Violeta,1,w
Émile,1,m
Vita,1,w
Éric,1,m
Vivi,1,w
Özkan,1,m
Viviana,1,w
Şura,1,m
Vivien,1,w
Žan,1,m
Wafa,1,w
Žarko,1,m
Wafaa,1,w
Wanda,1,w
Wassiliki,1,w
Weronika,1,w
Wiebke,1,w
Wijdan,1,w
Xia,1,w
Yade,1,w
Yasemin,1,w
Yasminah,1,w
Yassemin,1,w
Yee,1,w
Yella,1,w
Yemen,1,w
Ylvi,1,w
Ylvie,1,w
Yma,1,w
Yoanna,1,w
Youmna,1,w
Youna,1,w
Yousra,1,w
Yuki,1,w
Yurdagül,1,w
Yusra,1,w
Yüsra,1,w
Zahide,1,w
Zahima,1,w
Zahira,1,w
Zahraa,1,w
Zaineb,1,w
Zariah,1,w
Zaynap,1,w
Zemina,1,w
Zenab,1,w
Zeren,1,w
Zerya,1,w
Zeynab,1,w
Zin,1,w
Zine,1,w
Zineb,1,w
Zion,1,w
Zlatica,1,w
Zoi,1,w
Zoie,1,w
Zola,1,w
Zora,1,w
Zosan,1,w
Zoë,1,w
Zühra,1,w
Ángela,1,w
Çilay,1,w
Élise,1,w
Ömer,1,w
Öykü,1,w
Ülkü,1,w
Şûra,1,w
